17年05月10日,09时32分38秒,北纬40度47533分,东经111度4185分,地面速率是12.200000节,地面航向是253.600000度,GPS状态是：,单点定位,使用卫星数量:05,海拔高度:1108,
17年05月10日,09时32分39秒,北纬40度47532分,东经111度4185分,地面速率是11.300000节,地面航向是254.300000度,GPS状态是：,单点定位,使用卫星数量:05,海拔高度:1106,
17年05月10日,09时32分39秒,北纬40度47532分,东经111度4185分,地面速率是11.300000节,地面航向是254.300000度,GPS状态是：,单点定位,使用卫星数量:05,海拔高度:1106,
17年05月10日,09时32分41秒,北纬40度47557分,东经111度4183分,地面速率是12.300000节,地面航向是252.000000度,GPS状态是：,单点定位,使用卫星数量:06,海拔高度:1181,
17年05月10日,09时32分42秒,北纬40度47563分,东经111度4183分,地面速率是12.200000节,地面航向是255.400000度,GPS状态是：,单点定位,使用卫星数量:06,海拔高度:1199,
17年05月10日,09时32分43秒,北纬40度47561分,东经111度4182分,地面速率是14.200000节,地面航向是257.000000度,GPS状态是：,单点定位,使用卫星数量:06,海拔高度:1195,
17年05月10日,09时32分44秒,北纬40度47560分,东经111度4182分,地面速率是14.500000节,地面航向是258.900000度,GPS状态是：,单点定位,使用卫星数量:06,海拔高度:1194,
17年05月10日,09时32分45秒,北纬40度47559分,东经111度4181分,地面速率是14.700000节,地面航向是260.200000度,GPS状态是：,单点定位,使用卫星数量:06,海拔高度:1192,
17年05月10日,09时32分46秒,北纬40度47560分,东经111度4181分,地面速率是14.600000节,地面航向是259.400000度,GPS状态是：,单点定位,使用卫星数量:06,海拔高度:1194,
17年05月10日,09时32分47秒,北纬40度47558分,东经111度4180分,地面速率是13.900000节,地面航向是252.700000度,GPS状态是：,单点定位,使用卫星数量:06,海拔高度:1195,
17年05月10日,09时32分48秒,北纬40度47558分,东经111度4180分,地面速率是14.700000节,地面航向是257.700000度,GPS状态是：,单点定位,使用卫星数量:06,海拔高度:1196,
17年05月10日,09时32分49秒,北纬40度47555分,东经111度4179分,地面速率是14.900000节,地面航向是259.900000度,GPS状态是：,单点定位,使用卫星数量:07,海拔高度:1184,
17年05月10日,09时32分50秒,北纬40度47551分,东经111度4179分,地面速率是14.500000节,地面航向是258.700000度,GPS状态是：,单点定位,使用卫星数量:07,海拔高度:1174,
17年05月10日,09时32分51秒,北纬40度47549分,东经111度4178分,地面速率是12.900000节,地面航向是254.000000度,GPS状态是：,单点定位,使用卫星数量:07,海拔高度:1167,
17年05月10日,09时32分52秒,北纬40度47547分,东经111度4178分,地面速率是11.100000节,地面航向是254.800000度,GPS状态是：,单点定位,使用卫星数量:08,海拔高度:1162,
17年05月10日,09时32分53秒,北纬40度47548分,东经111度4177分,地面速率是10.700000节,地面航向是259.700000度,GPS状态是：,单点定位,使用卫星数量:08,海拔高度:1159,
17年05月10日,09时32分54秒,北纬40度47547分,东经111度4177分,地面速率是9.600000节,地面航向是273.700000度,GPS状态是：,单点定位,使用卫星数量:08,海拔高度:1151,
17年05月10日,09时32分55秒,北纬40度47547分,东经111度4177分,地面速率是9.300000节,地面航向是298.600000度,GPS状态是：,单点定位,使用卫星数量:08,海拔高度:1147,
17年05月10日,09时32分56秒,北纬40度47549分,东经111度4176分,地面速率是11.000000节,地面航向是327.200000度,GPS状态是：,单点定位,使用卫星数量:08,海拔高度:1147,
17年05月10日,09时32分57秒,北纬40度47552分,东经111度4176分,地面速率是13.100000节,地面航向是338.500000度,GPS状态是：,单点定位,使用卫星数量:08,海拔高度:1147,
17年05月10日,09时32分58秒,北纬40度47556分,东经111度4176分,地面速率是16.300000节,地面航向是341.100000度,GPS状态是：,单点定位,使用卫星数量:08,海拔高度:1146,
17年05月10日,09时32分59秒,北纬40度47560分,东经111度4176分,地面速率是18.500000节,地面航向是340.400000度,GPS状态是：,单点定位,使用卫星数量:08,海拔高度:1145,
17年05月10日,09时33分00秒,北纬40度47565分,东经111度4176分,地面速率是20.100000节,地面航向是339.900000度,GPS状态是：,单点定位,使用卫星数量:08,海拔高度:1144,
17年05月10日,09时33分01秒,北纬40度47571分,东经111度4175分,地面速率是22.200000节,地面航向是339.600000度,GPS状态是：,单点定位,使用卫星数量:08,海拔高度:1144,
17年05月10日,09时33分02秒,北纬40度47577分,东经111度4175分,地面速率是22.700000节,地面航向是339.200000度,GPS状态是：,单点定位,使用卫星数量:08,海拔高度:1143,
17年05月10日,09时33分03秒,北纬40度47583分,东经111度4175分,地面速率是23.300000节,地面航向是338.700000度,GPS状态是：,单点定位,使用卫星数量:08,海拔高度:1142,
17年05月10日,09时33分04秒,北纬40度47589分,东经111度4175分,地面速率是22.500000节,地面航向是339.400000度,GPS状态是：,单点定位,使用卫星数量:08,海拔高度:1142,
17年05月10日,09时33分05秒,北纬40度47595分,东经111度4174分,地面速率是22.200000节,地面航向是339.100000度,GPS状态是：,单点定位,使用卫星数量:08,海拔高度:1142,
17年05月10日,09时33分06秒,北纬40度47601分,东经111度4174分,地面速率是21.900000节,地面航向是339.900000度,GPS状态是：,单点定位,使用卫星数量:08,海拔高度:1142,
17年05月10日,09时33分07秒,北纬40度47607分,东经111度4174分,地面速率是21.400000节,地面航向是340.300000度,GPS状态是：,单点定位,使用卫星数量:08,海拔高度:1142,
17年05月10日,09时33分08秒,北纬40度47613分,东经111度4174分,地面速率是20.600000节,地面航向是341.200000度,GPS状态是：,单点定位,使用卫星数量:08,海拔高度:1141,
17年05月10日,09时33分09秒,北纬40度47618分,东经111度4173分,地面速率是18.800000节,地面航向是342.000000度,GPS状态是：,单点定位,使用卫星数量:08,海拔高度:1142,
17年05月10日,09时33分10秒,北纬40度47623分,东经111度4173分,地面速率是16.500000节,地面航向是342.100000度,GPS状态是：,单点定位,使用卫星数量:08,海拔高度:1141,
17年05月10日,09时33分11秒,北纬40度47627分,东经111度4173分,地面速率是14.800000节,地面航向是342.600000度,GPS状态是：,单点定位,使用卫星数量:09,海拔高度:1140,
17年05月10日,09时33分12秒,北纬40度47631分,东经111度4173分,地面速率是13.200000节,地面航向是342.900000度,GPS状态是：,单点定位,使用卫星数量:09,海拔高度:1140,
17年05月10日,09时33分13秒,北纬40度47634分,东经111度4173分,地面速率是11.600000节,地面航向是343.200000度,GPS状态是：,单点定位,使用卫星数量:09,海拔高度:1139,
17年05月10日,09时33分14秒,北纬40度47637分,东经111度4173分,地面速率是9.700000节,地面航向是343.400000度,GPS状态是：,单点定位,使用卫星数量:09,海拔高度:1139,
17年05月10日,09时33分15秒,北纬40度47639分,东经111度4173分,地面速率是8.000000节,地面航向是343.500000度,GPS状态是：,单点定位,使用卫星数量:10,海拔高度:1139,
17年05月10日,09时33分16秒,北纬40度47641分,东经111度4173分,地面速率是7.100000节,地面航向是343.400000度,GPS状态是：,单点定位,使用卫星数量:08,海拔高度:1140,
17年05月10日,09时33分17秒,北纬40度47643分,东经111度4173分,地面速率是7.000000节,地面航向是343.300000度,GPS状态是：,单点定位,使用卫星数量:08,海拔高度:1139,
17年05月10日,09时33分18秒,北纬40度47645分,东经111度4172分,地面速率是6.700000节,地面航向是343.000000度,GPS状态是：,单点定位,使用卫星数量:08,海拔高度:1139,
17年05月10日,09时33分19秒,北纬40度47646分,东经111度4172分,地面速率是5.600000节,地面航向是343.000000度,GPS状态是：,单点定位,使用卫星数量:08,海拔高度:1138,
17年05月10日,09时33分20秒,北纬40度47647分,东经111度4172分,地面速率是3.900000节,地面航向是338.000000度,GPS状态是：,单点定位,使用卫星数量:08,海拔高度:1137,
17年05月10日,09时33分21秒,北纬40度47648分,东经111度4172分,地面速率是2.400000节,地面航向是338.000000度,GPS状态是：,单点定位,使用卫星数量:08,海拔高度:1137,
17年05月10日,09时33分22秒,北纬40度47648分,东经111度4172分,地面速率是1.400000节,地面航向是338.000000度,GPS状态是：,单点定位,使用卫星数量:08,海拔高度:1136,
17年05月10日,09时33分23秒,北纬40度47648分,东经111度4172分,地面速率是0.900000节,地面航向是338.000000度,GPS状态是：,单点定位,使用卫星数量:09,海拔高度:1135,
17年05月10日,09时33分24秒,北纬40度47648分,东经111度4172分,地面速率是0.900000节,地面航向是338.000000度,GPS状态是：,单点定位,使用卫星数量:09,海拔高度:1135,
17年05月10日,09时33分25秒,北纬40度47617分,东经111度4172分,地面速率是1.100000节,地面航向是338.000000度,GPS状态是：,单点定位,使用卫星数量:10,海拔高度:1132,
17年05月10日,09时33分26秒,北纬40度47617分,东经111度4172分,地面速率是1.100000节,地面航向是338.000000度,GPS状态是：,单点定位,使用卫星数量:09,海拔高度:1128,
17年05月10日,09时33分27秒,北纬40度47617分,东经111度4172分,地面速率是1.000000节,地面航向是338.000000度,GPS状态是：,单点定位,使用卫星数量:09,海拔高度:1122,
17年05月10日,09时33分28秒,北纬40度47618分,东经111度4172分,地面速率是1.300000节,地面航向是338.000000度,GPS状态是：,单点定位,使用卫星数量:09,海拔高度:1119,
17年05月10日,09时33分29秒,北纬40度47618分,东经111度4172分,地面速率是1.500000节,地面航向是338.000000度,GPS状态是：,单点定位,使用卫星数量:09,海拔高度:1115,
17年05月10日,09时33分30秒,北纬40度47618分,东经111度4172分,地面速率是0.000000节,地面航向是338.000000度,GPS状态是：,单点定位,使用卫星数量:09,海拔高度:1113,
17年05月10日,09时33分31秒,北纬40度47617分,东经111度4172分,地面速率是0.000000节,地面航向是338.000000度,GPS状态是：,单点定位,使用卫星数量:10,海拔高度:1101,
17年05月10日,09时33分32秒,北纬40度47616分,东经111度4172分,地面速率是0.000000节,地面航向是338.000000度,GPS状态是：,单点定位,使用卫星数量:10,海拔高度:1092,
17年05月10日,09时33分33秒,北纬40度47617分,东经111度4173分,地面速率是0.000000节,地面航向是338.000000度,GPS状态是：,单点定位,使用卫星数量:10,海拔高度:1071,
17年05月10日,09时33分34秒,北纬40度47617分,东经111度4173分,地面速率是0.000000节,地面航向是338.000000度,GPS状态是：,单点定位,使用卫星数量:10,海拔高度:1063,
17年05月10日,09时33分35秒,北纬40度47617分,东经111度4173分,地面速率是0.100000节,地面航向是338.000000度,GPS状态是：,单点定位,使用卫星数量:10,海拔高度:1062,
17年05月10日,09时33分36秒,北纬40度47618分,东经111度4173分,地面速率是0.200000节,地面航向是338.000000度,GPS状态是：,单点定位,使用卫星数量:10,海拔高度:1061,
17年05月10日,09时33分37秒,北纬40度47618分,东经111度4173分,地面速率是0.300000节,地面航向是338.000000度,GPS状态是：,单点定位,使用卫星数量:10,海拔高度:1060,
17年05月10日,09时33分38秒,北纬40度47619分,东经111度4173分,地面速率是0.300000节,地面航向是338.000000度,GPS状态是：,单点定位,使用卫星数量:10,海拔高度:1060,
17年05月10日,09时33分39秒,北纬40度47620分,东经111度4173分,地面速率是0.100000节,地面航向是338.000000度,GPS状态是：,单点定位,使用卫星数量:10,海拔高度:1059,
17年05月10日,09时33分40秒,北纬40度47620分,东经111度4173分,地面速率是0.000000节,地面航向是338.000000度,GPS状态是：,单点定位,使用卫星数量:09,海拔高度:1058,
17年05月10日,09时33分41秒,北纬40度47621分,东经111度4173分,地面速率是0.000000节,地面航向是338.000000度,GPS状态是：,单点定位,使用卫星数量:09,海拔高度:1058,
17年05月10日,09时33分42秒,北纬40度47621分,东经111度4173分,地面速率是0.000000节,地面航向是338.000000度,GPS状态是：,单点定位,使用卫星数量:09,海拔高度:1058,
17年05月10日,09时33分43秒,北纬40度47621分,东经111度4173分,地面速率是0.000000节,地面航向是338.000000度,GPS状态是：,单点定位,使用卫星数量:09,海拔高度:1058,
17年05月10日,09时33分44秒,北纬40度47621分,东经111度4173分,地面速率是0.000000节,地面航向是338.000000度,GPS状态是：,单点定位,使用卫星数量:09,海拔高度:1058,
17年05月10日,09时33分45秒,北纬40度47621分,东经111度4173分,地面速率是0.000000节,地面航向是338.000000度,GPS状态是：,单点定位,使用卫星数量:09,海拔高度:1058,
17年05月10日,09时33分46秒,北纬40度47621分,东经111度4173分,地面速率是0.000000节,地面航向是338.000000度,GPS状态是：,单点定位,使用卫星数量:09,海拔高度:1058,
17年05月10日,09时33分47秒,北纬40度47621分,东经111度4173分,地面速率是0.000000节,地面航向是338.000000度,GPS状态是：,单点定位,使用卫星数量:09,海拔高度:1058,
17年05月10日,09时33分48秒,北纬40度47621分,东经111度4173分,地面速率是0.000000节,地面航向是338.000000度,GPS状态是：,单点定位,使用卫星数量:09,海拔高度:1058,
17年05月10日,09时33分49秒,北纬40度47621分,东经111度4173分,地面速率是0.000000节,地面航向是338.000000度,GPS状态是：,单点定位,使用卫星数量:09,海拔高度:1058,
17年05月10日,09时33分50秒,北纬40度47621分,东经111度4173分,地面速率是0.000000节,地面航向是338.000000度,GPS状态是：,单点定位,使用卫星数量:09,海拔高度:1058,
17年05月10日,09时33分51秒,北纬40度47621分,东经111度4173分,地面速率是0.000000节,地面航向是338.000000度,GPS状态是：,单点定位,使用卫星数量:09,海拔高度:1058,
17年05月10日,09时33分52秒,北纬40度47621分,东经111度4173分,地面速率是0.000000节,地面航向是338.000000度,GPS状态是：,单点定位,使用卫星数量:09,海拔高度:1058,
17年05月10日,09时33分53秒,北纬40度47621分,东经111度4173分,地面速率是0.000000节,地面航向是338.000000度,GPS状态是：,单点定位,使用卫星数量:09,海拔高度:1058,
17年05月10日,09时33分54秒,北纬40度47621分,东经111度4173分,地面速率是0.000000节,地面航向是338.000000度,GPS状态是：,单点定位,使用卫星数量:09,海拔高度:1058,
17年05月10日,09时33分55秒,北纬40度47621分,东经111度4173分,地面速率是0.000000节,地面航向是338.000000度,GPS状态是：,单点定位,使用卫星数量:09,海拔高度:1058,
17年05月10日,09时33分56秒,北纬40度47621分,东经111度4173分,地面速率是0.000000节,地面航向是338.000000度,GPS状态是：,单点定位,使用卫星数量:09,海拔高度:1058,
17年05月10日,09时33分57秒,北纬40度47621分,东经111度4173分,地面速率是0.000000节,地面航向是338.000000度,GPS状态是：,单点定位,使用卫星数量:10,海拔高度:1058,
17年05月10日,09时33分58秒,北纬40度47621分,东经111度4173分,地面速率是0.000000节,地面航向是338.000000度,GPS状态是：,单点定位,使用卫星数量:10,海拔高度:1058,
17年05月10日,09时33分59秒,北纬40度47621分,东经111度4173分,地面速率是0.000000节,地面航向是338.000000度,GPS状态是：,单点定位,使用卫星数量:10,海拔高度:1058,
17年05月10日,09时34分00秒,北纬40度47621分,东经111度4173分,地面速率是0.000000节,地面航向是338.000000度,GPS状态是：,单点定位,使用卫星数量:10,海拔高度:1058,
17年05月10日,09时34分01秒,北纬40度47621分,东经111度4173分,地面速率是0.000000节,地面航向是338.000000度,GPS状态是：,单点定位,使用卫星数量:09,海拔高度:1058,
17年05月10日,09时34分02秒,北纬40度47621分,东经111度4173分,地面速率是0.000000节,地面航向是338.000000度,GPS状态是：,单点定位,使用卫星数量:09,海拔高度:1058,
17年05月10日,09时34分03秒,北纬40度47621分,东经111度4173分,地面速率是0.000000节,地面航向是338.000000度,GPS状态是：,单点定位,使用卫星数量:09,海拔高度:1058,
17年05月10日,09时34分04秒,北纬40度47621分,东经111度4173分,地面速率是0.000000节,地面航向是338.000000度,GPS状态是：,单点定位,使用卫星数量:09,海拔高度:1058,
17年05月10日,09时34分05秒,北纬40度47621分,东经111度4173分,地面速率是0.000000节,地面航向是338.000000度,GPS状态是：,单点定位,使用卫星数量:09,海拔高度:1058,
17年05月10日,09时34分06秒,北纬40度47621分,东经111度4173分,地面速率是0.000000节,地面航向是338.000000度,GPS状态是：,单点定位,使用卫星数量:09,海拔高度:1058,
17年05月10日,09时34分07秒,北纬40度47621分,东经111度4173分,地面速率是0.000000节,地面航向是338.000000度,GPS状态是：,单点定位,使用卫星数量:09,海拔高度:1058,
17年05月10日,09时34分08秒,北纬40度47621分,东经111度4173分,地面速率是0.000000节,地面航向是338.000000度,GPS状态是：,单点定位,使用卫星数量:09,海拔高度:1058,
17年05月10日,09时34分09秒,北纬40度47622分,东经111度4173分,地面速率是0.600000节,地面航向是338.000000度,GPS状态是：,单点定位,使用卫星数量:09,海拔高度:1058,
17年05月10日,09时34分10秒,北纬40度47622分,东经111度4173分,地面速率是0.800000节,地面航向是338.000000度,GPS状态是：,单点定位,使用卫星数量:09,海拔高度:1058,
17年05月10日,09时34分11秒,北纬40度47623分,东经111度4173分,地面速率是1.000000节,地面航向是338.000000度,GPS状态是：,单点定位,使用卫星数量:10,海拔高度:1058,
17年05月10日,09时34分12秒,北纬40度47623分,东经111度4173分,地面速率是1.300000节,地面航向是338.000000度,GPS状态是：,单点定位,使用卫星数量:10,海拔高度:1058,
17年05月10日,09时34分13秒,北纬40度47623分,东经111度4173分,地面速率是1.700000节,地面航向是338.000000度,GPS状态是：,单点定位,使用卫星数量:10,海拔高度:1058,
17年05月10日,09时34分14秒,北纬40度47624分,东经111度4173分,地面速率是2.300000节,地面航向是338.000000度,GPS状态是：,单点定位,使用卫星数量:10,海拔高度:1058,
17年05月10日,09时34分15秒,北纬40度47624分,东经111度4173分,地面速率是3.100000节,地面航向是339.100000度,GPS状态是：,单点定位,使用卫星数量:10,海拔高度:1058,
17年05月10日,09时34分16秒,北纬40度47626分,东经111度4173分,地面速率是1.500000节,地面航向是340.700000度,GPS状态是：,单点定位,使用卫星数量:10,海拔高度:1058,
17年05月10日,09时34分17秒,北纬40度47626分,东经111度4173分,地面速率是0.000000节,地面航向是340.700000度,GPS状态是：,单点定位,使用卫星数量:10,海拔高度:1058,
17年05月10日,09时34分18秒,北纬40度47627分,东经111度4173分,地面速率是0.000000节,地面航向是340.700000度,GPS状态是：,单点定位,使用卫星数量:10,海拔高度:1058,
17年05月10日,09时34分19秒,北纬40度47627分,东经111度4173分,地面速率是0.000000节,地面航向是340.700000度,GPS状态是：,单点定位,使用卫星数量:10,海拔高度:1058,
17年05月10日,09时34分20秒,北纬40度47627分,东经111度4173分,地面速率是0.000000节,地面航向是340.700000度,GPS状态是：,单点定位,使用卫星数量:09,海拔高度:1058,
17年05月10日,09时34分21秒,北纬40度47627分,东经111度4173分,地面速率是0.000000节,地面航向是340.700000度,GPS状态是：,单点定位,使用卫星数量:09,海拔高度:1058,
17年05月10日,09时34分22秒,北纬40度47627分,东经111度4173分,地面速率是0.000000节,地面航向是340.700000度,GPS状态是：,单点定位,使用卫星数量:09,海拔高度:1058,
17年05月10日,09时34分23秒,北纬40度47627分,东经111度4173分,地面速率是0.000000节,地面航向是340.700000度,GPS状态是：,单点定位,使用卫星数量:08,海拔高度:1058,
17年05月10日,09时34分24秒,北纬40度47627分,东经111度4173分,地面速率是0.000000节,地面航向是340.700000度,GPS状态是：,单点定位,使用卫星数量:10,海拔高度:1058,
17年05月10日,09时34分25秒,北纬40度47627分,东经111度4173分,地面速率是0.000000节,地面航向是340.700000度,GPS状态是：,单点定位,使用卫星数量:09,海拔高度:1058,
17年05月10日,09时34分26秒,北纬40度47627分,东经111度4173分,地面速率是0.000000节,地面航向是340.700000度,GPS状态是：,单点定位,使用卫星数量:09,海拔高度:1058,
17年05月10日,09时34分27秒,北纬40度47627分,东经111度4173分,地面速率是0.000000节,地面航向是340.700000度,GPS状态是：,单点定位,使用卫星数量:09,海拔高度:1058,
17年05月10日,09时34分28秒,北纬40度47627分,东经111度4173分,地面速率是0.000000节,地面航向是340.700000度,GPS状态是：,单点定位,使用卫星数量:10,海拔高度:1058,
17年05月10日,09时34分29秒,北纬40度47627分,东经111度4173分,地面速率是0.000000节,地面航向是340.700000度,GPS状态是：,单点定位,使用卫星数量:10,海拔高度:1058,
17年05月10日,09时34分30秒,北纬40度47627分,东经111度4173分,地面速率是0.000000节,地面航向是340.700000度,GPS状态是：,单点定位,使用卫星数量:10,海拔高度:1058,
17年05月10日,09时34分31秒,北纬40度47627分,东经111度4173分,地面速率是0.000000节,地面航向是340.700000度,GPS状态是：,单点定位,使用卫星数量:10,海拔高度:1058,
17年05月10日,09时34分32秒,北纬40度47627分,东经111度4173分,地面速率是0.000000节,地面航向是340.700000度,GPS状态是：,单点定位,使用卫星数量:10,海拔高度:1058,
17年05月10日,09时34分33秒,北纬40度47627分,东经111度4173分,地面速率是0.000000节,地面航向是340.700000度,GPS状态是：,单点定位,使用卫星数量:10,海拔高度:1058,
17年05月10日,09时34分34秒,北纬40度47627分,东经111度4173分,地面速率是0.000000节,地面航向是340.700000度,GPS状态是：,单点定位,使用卫星数量:10,海拔高度:1058,
17年05月10日,09时34分35秒,北纬40度47627分,东经111度4173分,地面速率是0.000000节,地面航向是340.700000度,GPS状态是：,单点定位,使用卫星数量:10,海拔高度:1058,
17年05月10日,09时34分36秒,北纬40度47627分,东经111度4173分,地面速率是0.000000节,地面航向是340.700000度,GPS状态是：,单点定位,使用卫星数量:10,海拔高度:1058,
17年05月10日,09时34分37秒,北纬40度47627分,东经111度4173分,地面速率是0.400000节,地面航向是340.700000度,GPS状态是：,单点定位,使用卫星数量:10,海拔高度:1058,
17年05月10日,09时34分38秒,北纬40度47627分,东经111度4173分,地面速率是0.400000节,地面航向是340.700000度,GPS状态是：,单点定位,使用卫星数量:10,海拔高度:1058,
17年05月10日,09时34分39秒,北纬40度47627分,东经111度4173分,地面速率是0.400000节,地面航向是340.700000度,GPS状态是：,单点定位,使用卫星数量:10,海拔高度:1058,
17年05月10日,09时34分40秒,北纬40度47627分,东经111度4173分,地面速率是0.600000节,地面航向是337.500000度,GPS状态是：,单点定位,使用卫星数量:10,海拔高度:1058,
17年05月10日,09时34分41秒,北纬40度47627分,东经111度4173分,地面速率是0.600000节,地面航向是349.700000度,GPS状态是：,单点定位,使用卫星数量:10,海拔高度:1057,
17年05月10日,09时34分42秒,北纬40度47627分,东经111度4173分,地面速率是0.900000节,地面航向是348.500000度,GPS状态是：,单点定位,使用卫星数量:10,海拔高度:1057,
17年05月10日,09时34分43秒,北纬40度47627分,东经111度4173分,地面速率是0.900000节,地面航向是347.200000度,GPS状态是：,单点定位,使用卫星数量:10,海拔高度:1057,
17年05月10日,09时34分44秒,北纬40度47628分,东经111度4173分,地面速率是1.100000节,地面航向是348.900000度,GPS状态是：,单点定位,使用卫星数量:10,海拔高度:1058,
17年05月10日,09时34分45秒,北纬40度47628分,东经111度4173分,地面速率是1.500000节,地面航向是340.000000度,GPS状态是：,单点定位,使用卫星数量:10,海拔高度:1057,
17年05月10日,09时34分46秒,北纬40度47628分,东经111度4173分,地面速率是1.900000节,地面航向是341.000000度,GPS状态是：,单点定位,使用卫星数量:10,海拔高度:1057,
17年05月10日,09时34分47秒,北纬40度47629分,东经111度4173分,地面速率是2.500000节,地面航向是341.400000度,GPS状态是：,单点定位,使用卫星数量:09,海拔高度:1057,
17年05月10日,09时34分48秒,北纬40度47630分,东经111度4173分,地面速率是4.100000节,地面航向是339.100000度,GPS状态是：,单点定位,使用卫星数量:09,海拔高度:1057,
17年05月10日,09时34分49秒,北纬40度47631分,东经111度4172分,地面速率是5.100000节,地面航向是337.800000度,GPS状态是：,单点定位,使用卫星数量:09,海拔高度:1057,
17年05月10日,09时34分50秒,北纬40度47633分,东经111度4172分,地面速率是7.000000节,地面航向是337.000000度,GPS状态是：,单点定位,使用卫星数量:09,海拔高度:1057,
17年05月10日,09时34分51秒,北纬40度47635分,东经111度4172分,地面速率是7.400000节,地面航向是336.400000度,GPS状态是：,单点定位,使用卫星数量:09,海拔高度:1058,
17年05月10日,09时34分52秒,北纬40度47637分,东经111度4172分,地面速率是8.800000节,地面航向是335.900000度,GPS状态是：,单点定位,使用卫星数量:09,海拔高度:1058,
17年05月10日,09时34分53秒,北纬40度47640分,东经111度4172分,地面速率是9.700000节,地面航向是335.100000度,GPS状态是：,单点定位,使用卫星数量:09,海拔高度:1058,
17年05月10日,09时34分54秒,北纬40度47642分,东经111度4172分,地面速率是9.100000节,地面航向是334.800000度,GPS状态是：,单点定位,使用卫星数量:09,海拔高度:1058,
17年05月10日,09时34分55秒,北纬40度47645分,东经111度4172分,地面速率是8.400000节,地面航向是335.700000度,GPS状态是：,单点定位,使用卫星数量:09,海拔高度:1058,
17年05月10日,09时34分56秒,北纬40度47647分,东经111度4172分,地面速率是9.300000节,地面航向是337.200000度,GPS状态是：,单点定位,使用卫星数量:09,海拔高度:1058,
17年05月10日,09时34分57秒,北纬40度47649分,东经111度4171分,地面速率是8.800000节,地面航向是338.400000度,GPS状态是：,单点定位,使用卫星数量:09,海拔高度:1058,
17年05月10日,09时34分58秒,北纬40度47651分,东经111度4171分,地面速率是8.500000节,地面航向是340.700000度,GPS状态是：,单点定位,使用卫星数量:09,海拔高度:1058,
17年05月10日,09时34分59秒,北纬40度47654分,东经111度4171分,地面速率是10.000000节,地面航向是343.200000度,GPS状态是：,单点定位,使用卫星数量:10,海拔高度:1058,
17年05月10日,09时35分00秒,北纬40度47657分,东经111度4171分,地面速率是11.900000节,地面航向是345.100000度,GPS状态是：,单点定位,使用卫星数量:10,海拔高度:1058,
17年05月10日,09时35分01秒,北纬40度47660分,东经111度4171分,地面速率是12.300000节,地面航向是345.600000度,GPS状态是：,单点定位,使用卫星数量:10,海拔高度:1057,
17年05月10日,09时35分02秒,北纬40度47664分,东经111度4171分,地面速率是12.000000节,地面航向是346.500000度,GPS状态是：,单点定位,使用卫星数量:10,海拔高度:1057,
17年05月10日,09时35分03秒,北纬40度47667分,东经111度4171分,地面速率是12.900000节,地面航向是345.500000度,GPS状态是：,单点定位,使用卫星数量:10,海拔高度:1057,
17年05月10日,09时35分04秒,北纬40度47670分,东经111度4171分,地面速率是12.300000节,地面航向是343.800000度,GPS状态是：,单点定位,使用卫星数量:09,海拔高度:1058,
17年05月10日,09时35分05秒,北纬40度47674分,东经111度4170分,地面速率是12.400000节,地面航向是342.700000度,GPS状态是：,单点定位,使用卫星数量:10,海拔高度:1057,
17年05月10日,09时35分06秒,北纬40度47677分,东经111度4170分,地面速率是12.100000节,地面航向是342.100000度,GPS状态是：,单点定位,使用卫星数量:09,海拔高度:1057,
17年05月10日,09时35分07秒,北纬40度47680分,东经111度4170分,地面速率是11.800000节,地面航向是341.100000度,GPS状态是：,单点定位,使用卫星数量:09,海拔高度:1057,
17年05月10日,09时35分08秒,北纬40度47683分,东经111度4170分,地面速率是11.300000节,地面航向是340.800000度,GPS状态是：,单点定位,使用卫星数量:09,海拔高度:1057,
17年05月10日,09时35分09秒,北纬40度47686分,东经111度4170分,地面速率是9.500000节,地面航向是341.000000度,GPS状态是：,单点定位,使用卫星数量:09,海拔高度:1057,
17年05月10日,09时35分10秒,北纬40度47688分,东经111度4170分,地面速率是8.900000节,地面航向是340.900000度,GPS状态是：,单点定位,使用卫星数量:09,海拔高度:1058,
17年05月10日,09时35分11秒,北纬40度47690分,东经111度4170分,地面速率是9.000000节,地面航向是341.500000度,GPS状态是：,单点定位,使用卫星数量:09,海拔高度:1058,
17年05月10日,09时35分12秒,北纬40度47693分,东经111度4170分,地面速率是9.400000节,地面航向是342.100000度,GPS状态是：,单点定位,使用卫星数量:09,海拔高度:1057,
17年05月10日,09时35分13秒,北纬40度47695分,东经111度4170分,地面速率是8.300000节,地面航向是343.100000度,GPS状态是：,单点定位,使用卫星数量:09,海拔高度:1057,
17年05月10日,09时35分14秒,北纬40度47697分,东经111度4170分,地面速率是6.000000节,地面航向是342.000000度,GPS状态是：,单点定位,使用卫星数量:09,海拔高度:1057,
17年05月10日,09时35分15秒,北纬40度47699分,东经111度4170分,地面速率是5.300000节,地面航向是341.700000度,GPS状态是：,单点定位,使用卫星数量:09,海拔高度:1057,
17年05月10日,09时35分16秒,北纬40度47700分,东经111度4170分,地面速率是4.900000节,地面航向是343.900000度,GPS状态是：,单点定位,使用卫星数量:09,海拔高度:1056,
17年05月10日,09时35分17秒,北纬40度47701分,东经111度4169分,地面速率是2.400000节,地面航向是343.900000度,GPS状态是：,单点定位,使用卫星数量:09,海拔高度:1056,
17年05月10日,09时35分18秒,北纬40度47702分,东经111度4170分,地面速率是2.000000节,地面航向是343.900000度,GPS状态是：,单点定位,使用卫星数量:09,海拔高度:1056,
17年05月10日,09时35分19秒,北纬40度47702分,东经111度4170分,地面速率是2.300000节,地面航向是343.900000度,GPS状态是：,单点定位,使用卫星数量:09,海拔高度:1057,
17年05月10日,09时35分20秒,北纬40度47703分,东经111度4170分,地面速率是3.100000节,地面航向是333.900000度,GPS状态是：,单点定位,使用卫星数量:09,海拔高度:1057,
17年05月10日,09时35分21秒,北纬40度47704分,东经111度4170分,地面速率是5.700000节,地面航向是334.500000度,GPS状态是：,单点定位,使用卫星数量:08,海拔高度:1057,
17年05月10日,09时35分22秒,北纬40度47706分,东经111度4170分,地面速率是9.400000节,地面航向是335.500000度,GPS状态是：,单点定位,使用卫星数量:08,海拔高度:1057,
17年05月10日,09时35分23秒,北纬40度47710分,东经111度4169分,地面速率是13.100000节,地面航向是336.100000度,GPS状态是：,单点定位,使用卫星数量:08,海拔高度:1057,
17年05月10日,09时35分24秒,北纬40度47713分,东经111度4169分,地面速率是13.100000节,地面航向是336.700000度,GPS状态是：,单点定位,使用卫星数量:08,海拔高度:1057,
17年05月10日,09时35分25秒,北纬40度47716分,东经111度4169分,地面速率是9.200000节,地面航向是339.700000度,GPS状态是：,单点定位,使用卫星数量:08,海拔高度:1057,
17年05月10日,09时35分26秒,北纬40度47718分,东经111度4169分,地面速率是4.500000节,地面航向是347.200000度,GPS状态是：,单点定位,使用卫星数量:08,海拔高度:1057,
17年05月10日,09时35分27秒,北纬40度47719分,东经111度4169分,地面速率是0.000000节,地面航向是347.200000度,GPS状态是：,单点定位,使用卫星数量:08,海拔高度:1057,
17年05月10日,09时35分28秒,北纬40度47719分,东经111度4169分,地面速率是0.000000节,地面航向是347.200000度,GPS状态是：,单点定位,使用卫星数量:08,海拔高度:1057,
17年05月10日,09时35分29秒,北纬40度47719分,东经111度4169分,地面速率是0.000000节,地面航向是347.200000度,GPS状态是：,单点定位,使用卫星数量:08,海拔高度:1057,
17年05月10日,09时35分30秒,北纬40度47719分,东经111度4169分,地面速率是0.000000节,地面航向是347.200000度,GPS状态是：,单点定位,使用卫星数量:07,海拔高度:1057,
17年05月10日,09时35分31秒,北纬40度47719分,东经111度4169分,地面速率是0.000000节,地面航向是347.200000度,GPS状态是：,单点定位,使用卫星数量:08,海拔高度:1057,
17年05月10日,09时35分32秒,北纬40度47719分,东经111度4169分,地面速率是0.000000节,地面航向是347.200000度,GPS状态是：,单点定位,使用卫星数量:08,海拔高度:1057,
17年05月10日,09时35分33秒,北纬40度47719分,东经111度4169分,地面速率是0.000000节,地面航向是347.200000度,GPS状态是：,单点定位,使用卫星数量:08,海拔高度:1057,
17年05月10日,09时35分34秒,北纬40度47719分,东经111度4169分,地面速率是0.000000节,地面航向是347.200000度,GPS状态是：,单点定位,使用卫星数量:08,海拔高度:1057,
17年05月10日,09时35分35秒,北纬40度47719分,东经111度4169分,地面速率是0.000000节,地面航向是347.200000度,GPS状态是：,单点定位,使用卫星数量:07,海拔高度:1057,
17年05月10日,09时35分36秒,北纬40度47719分,东经111度4169分,地面速率是0.000000节,地面航向是347.200000度,GPS状态是：,单点定位,使用卫星数量:07,海拔高度:1057,
17年05月10日,09时35分37秒,北纬40度47719分,东经111度4169分,地面速率是0.000000节,地面航向是347.200000度,GPS状态是：,单点定位,使用卫星数量:07,海拔高度:1057,
17年05月10日,09时35分38秒,北纬40度47719分,东经111度4169分,地面速率是0.000000节,地面航向是347.200000度,GPS状态是：,单点定位,使用卫星数量:07,海拔高度:1057,
17年05月10日,09时35分39秒,北纬40度47719分,东经111度4169分,地面速率是0.000000节,地面航向是347.200000度,GPS状态是：,单点定位,使用卫星数量:07,海拔高度:1057,
17年05月10日,09时35分40秒,北纬40度47719分,东经111度4169分,地面速率是0.000000节,地面航向是347.200000度,GPS状态是：,单点定位,使用卫星数量:07,海拔高度:1057,
17年05月10日,09时35分41秒,北纬40度47719分,东经111度4169分,地面速率是0.000000节,地面航向是347.200000度,GPS状态是：,码差分,使用卫星数量:07,海拔高度:1057,
17年05月10日,09时35分42秒,北纬40度47719分,东经111度4169分,地面速率是0.000000节,地面航向是347.200000度,GPS状态是：,码差分,使用卫星数量:07,海拔高度:1057,
17年05月10日,09时35分43秒,北纬40度47719分,东经111度4169分,地面速率是0.000000节,地面航向是347.200000度,GPS状态是：,码差分,使用卫星数量:07,海拔高度:1057,
17年05月10日,09时35分44秒,北纬40度47719分,东经111度4169分,地面速率是0.000000节,地面航向是347.200000度,GPS状态是：,码差分,使用卫星数量:07,海拔高度:1057,
17年05月10日,09时35分45秒,北纬40度47719分,东经111度4169分,地面速率是0.000000节,地面航向是347.200000度,GPS状态是：,码差分,使用卫星数量:07,海拔高度:1057,
17年05月10日,09时35分46秒,北纬40度47719分,东经111度4169分,地面速率是0.000000节,地面航向是347.200000度,GPS状态是：,码差分,使用卫星数量:07,海拔高度:1057,
17年05月10日,09时35分47秒,北纬40度47719分,东经111度4169分,地面速率是0.000000节,地面航向是347.200000度,GPS状态是：,码差分,使用卫星数量:07,海拔高度:1057,
17年05月10日,09时35分48秒,北纬40度47719分,东经111度4169分,地面速率是0.000000节,地面航向是347.200000度,GPS状态是：,码差分,使用卫星数量:07,海拔高度:1057,
17年05月10日,09时35分49秒,北纬40度47719分,东经111度4169分,地面速率是0.000000节,地面航向是347.200000度,GPS状态是：,码差分,使用卫星数量:07,海拔高度:1057,
17年05月10日,09时35分50秒,北纬40度47719分,东经111度4169分,地面速率是0.000000节,地面航向是347.200000度,GPS状态是：,码差分,使用卫星数量:07,海拔高度:1057,
17年05月10日,09时35分51秒,北纬40度47719分,东经111度4169分,地面速率是0.000000节,地面航向是347.200000度,GPS状态是：,码差分,使用卫星数量:07,海拔高度:1057,
17年05月10日,09时35分52秒,北纬40度47719分,东经111度4169分,地面速率是0.000000节,地面航向是347.200000度,GPS状态是：,码差分,使用卫星数量:07,海拔高度:1057,
17年05月10日,09时35分53秒,北纬40度47719分,东经111度4169分,地面速率是0.000000节,地面航向是347.200000度,GPS状态是：,码差分,使用卫星数量:07,海拔高度:1057,
17年05月10日,09时35分54秒,北纬40度47719分,东经111度4169分,地面速率是0.000000节,地面航向是347.200000度,GPS状态是：,码差分,使用卫星数量:08,海拔高度:1057,
17年05月10日,09时35分55秒,北纬40度47719分,东经111度4169分,地面速率是0.000000节,地面航向是347.200000度,GPS状态是：,码差分,使用卫星数量:08,海拔高度:1057,
17年05月10日,09时35分56秒,北纬40度47719分,东经111度4169分,地面速率是0.000000节,地面航向是347.200000度,GPS状态是：,码差分,使用卫星数量:08,海拔高度:1057,
17年05月10日,09时35分57秒,北纬40度47719分,东经111度4169分,地面速率是0.000000节,地面航向是347.200000度,GPS状态是：,码差分,使用卫星数量:08,海拔高度:1057,
17年05月10日,09时35分58秒,北纬40度47719分,东经111度4169分,地面速率是0.000000节,地面航向是347.200000度,GPS状态是：,码差分,使用卫星数量:08,海拔高度:1057,
17年05月10日,09时35分59秒,北纬40度47719分,东经111度4169分,地面速率是0.000000节,地面航向是347.200000度,GPS状态是：,码差分,使用卫星数量:08,海拔高度:1057,
17年05月10日,09时36分00秒,北纬40度47719分,东经111度4169分,地面速率是0.000000节,地面航向是347.200000度,GPS状态是：,码差分,使用卫星数量:09,海拔高度:1057,
17年05月10日,09时36分01秒,北纬40度47719分,东经111度4169分,地面速率是0.000000节,地面航向是347.200000度,GPS状态是：,码差分,使用卫星数量:09,海拔高度:1057,
17年05月10日,09时36分02秒,北纬40度47719分,东经111度4169分,地面速率是0.000000节,地面航向是347.200000度,GPS状态是：,码差分,使用卫星数量:09,海拔高度:1057,
17年05月10日,09时36分03秒,北纬40度47719分,东经111度4169分,地面速率是0.000000节,地面航向是347.200000度,GPS状态是：,码差分,使用卫星数量:08,海拔高度:1057,
17年05月10日,09时36分04秒,北纬40度47719分,东经111度4169分,地面速率是0.000000节,地面航向是347.200000度,GPS状态是：,码差分,使用卫星数量:08,海拔高度:1057,
17年05月10日,09时36分05秒,北纬40度47719分,东经111度4169分,地面速率是0.000000节,地面航向是347.200000度,GPS状态是：,码差分,使用卫星数量:08,海拔高度:1057,
17年05月10日,09时36分06秒,北纬40度47719分,东经111度4169分,地面速率是0.000000节,地面航向是347.200000度,GPS状态是：,码差分,使用卫星数量:08,海拔高度:1057,
17年05月10日,09时36分07秒,北纬40度47719分,东经111度4169分,地面速率是0.000000节,地面航向是347.200000度,GPS状态是：,码差分,使用卫星数量:08,海拔高度:1057,
17年05月10日,09时36分08秒,北纬40度47719分,东经111度4169分,地面速率是0.000000节,地面航向是347.200000度,GPS状态是：,码差分,使用卫星数量:08,海拔高度:1057,
17年05月10日,09时36分09秒,北纬40度47719分,东经111度4169分,地面速率是0.000000节,地面航向是347.200000度,GPS状态是：,码差分,使用卫星数量:08,海拔高度:1057,
17年05月10日,09时36分10秒,北纬40度47719分,东经111度4169分,地面速率是0.000000节,地面航向是347.200000度,GPS状态是：,码差分,使用卫星数量:08,海拔高度:1057,
17年05月10日,09时36分11秒,北纬40度47719分,东经111度4169分,地面速率是0.000000节,地面航向是347.200000度,GPS状态是：,码差分,使用卫星数量:08,海拔高度:1057,
17年05月10日,09时36分12秒,北纬40度47719分,东经111度4169分,地面速率是0.000000节,地面航向是347.200000度,GPS状态是：,码差分,使用卫星数量:08,海拔高度:1057,
17年05月10日,09时36分13秒,北纬40度47719分,东经111度4169分,地面速率是0.000000节,地面航向是347.200000度,GPS状态是：,码差分,使用卫星数量:08,海拔高度:1057,
17年05月10日,09时36分14秒,北纬40度47719分,东经111度4169分,地面速率是0.000000节,地面航向是347.200000度,GPS状态是：,码差分,使用卫星数量:08,海拔高度:1057,
17年05月10日,09时36分15秒,北纬40度47719分,东经111度4169分,地面速率是0.000000节,地面航向是347.200000度,GPS状态是：,码差分,使用卫星数量:08,海拔高度:1057,
17年05月10日,09时36分16秒,北纬40度47719分,东经111度4169分,地面速率是0.000000节,地面航向是347.200000度,GPS状态是：,码差分,使用卫星数量:08,海拔高度:1057,
17年05月10日,09时36分17秒,北纬40度47719分,东经111度4169分,地面速率是0.000000节,地面航向是347.200000度,GPS状态是：,码差分,使用卫星数量:08,海拔高度:1057,
17年05月10日,09时36分18秒,北纬40度47719分,东经111度4169分,地面速率是0.000000节,地面航向是347.200000度,GPS状态是：,码差分,使用卫星数量:08,海拔高度:1057,
17年05月10日,09时36分19秒,北纬40度47719分,东经111度4169分,地面速率是0.000000节,地面航向是347.200000度,GPS状态是：,码差分,使用卫星数量:08,海拔高度:1057,
17年05月10日,09时36分20秒,北纬40度47719分,东经111度4169分,地面速率是0.000000节,地面航向是347.200000度,GPS状态是：,码差分,使用卫星数量:08,海拔高度:1057,
17年05月10日,09时36分21秒,北纬40度47719分,东经111度4169分,地面速率是0.000000节,地面航向是347.200000度,GPS状态是：,码差分,使用卫星数量:08,海拔高度:1057,
17年05月10日,09时36分22秒,北纬40度47719分,东经111度4169分,地面速率是0.000000节,地面航向是347.200000度,GPS状态是：,码差分,使用卫星数量:08,海拔高度:1057,
17年05月10日,09时36分23秒,北纬40度47719分,东经111度4169分,地面速率是0.000000节,地面航向是347.200000度,GPS状态是：,码差分,使用卫星数量:08,海拔高度:1057,
17年05月10日,09时36分24秒,北纬40度47719分,东经111度4169分,地面速率是0.000000节,地面航向是347.200000度,GPS状态是：,码差分,使用卫星数量:09,海拔高度:1057,
17年05月10日,09时36分25秒,北纬40度47719分,东经111度4169分,地面速率是0.000000节,地面航向是347.200000度,GPS状态是：,码差分,使用卫星数量:08,海拔高度:1057,
17年05月10日,09时36分26秒,北纬40度47719分,东经111度4169分,地面速率是0.000000节,地面航向是347.200000度,GPS状态是：,码差分,使用卫星数量:09,海拔高度:1057,
17年05月10日,09时36分27秒,北纬40度47719分,东经111度4169分,地面速率是0.000000节,地面航向是347.200000度,GPS状态是：,码差分,使用卫星数量:09,海拔高度:1057,
17年05月10日,09时36分28秒,北纬40度47719分,东经111度4169分,地面速率是0.000000节,地面航向是347.200000度,GPS状态是：,码差分,使用卫星数量:09,海拔高度:1057,
17年05月10日,09时36分29秒,北纬40度47719分,东经111度4169分,地面速率是0.000000节,地面航向是347.200000度,GPS状态是：,码差分,使用卫星数量:09,海拔高度:1057,
17年05月10日,09时36分30秒,北纬40度47719分,东经111度4169分,地面速率是0.000000节,地面航向是347.200000度,GPS状态是：,码差分,使用卫星数量:10,海拔高度:1057,
17年05月10日,09时36分31秒,北纬40度47719分,东经111度4169分,地面速率是0.000000节,地面航向是347.200000度,GPS状态是：,码差分,使用卫星数量:09,海拔高度:1057,
17年05月10日,09时36分32秒,北纬40度47719分,东经111度4169分,地面速率是0.000000节,地面航向是347.200000度,GPS状态是：,码差分,使用卫星数量:09,海拔高度:1057,
17年05月10日,09时36分33秒,北纬40度47719分,东经111度4169分,地面速率是0.000000节,地面航向是347.200000度,GPS状态是：,码差分,使用卫星数量:09,海拔高度:1057,
17年05月10日,09时36分34秒,北纬40度47719分,东经111度4169分,地面速率是0.000000节,地面航向是347.200000度,GPS状态是：,码差分,使用卫星数量:09,海拔高度:1057,
17年05月10日,09时36分35秒,北纬40度47719分,东经111度4169分,地面速率是0.000000节,地面航向是347.200000度,GPS状态是：,码差分,使用卫星数量:09,海拔高度:1057,
17年05月10日,09时36分36秒,北纬40度47719分,东经111度4169分,地面速率是0.000000节,地面航向是347.200000度,GPS状态是：,码差分,使用卫星数量:09,海拔高度:1057,
17年05月10日,09时36分37秒,北纬40度47719分,东经111度4169分,地面速率是0.000000节,地面航向是347.200000度,GPS状态是：,码差分,使用卫星数量:09,海拔高度:1057,
17年05月10日,09时36分38秒,北纬40度47719分,东经111度4169分,地面速率是0.000000节,地面航向是347.200000度,GPS状态是：,码差分,使用卫星数量:09,海拔高度:1057,
17年05月10日,09时36分39秒,北纬40度47719分,东经111度4169分,地面速率是0.000000节,地面航向是347.200000度,GPS状态是：,码差分,使用卫星数量:09,海拔高度:1057,
17年05月10日,09时36分40秒,北纬40度47719分,东经111度4169分,地面速率是0.000000节,地面航向是347.200000度,GPS状态是：,码差分,使用卫星数量:09,海拔高度:1057,
17年05月10日,09时36分41秒,北纬40度47719分,东经111度4169分,地面速率是0.000000节,地面航向是347.200000度,GPS状态是：,码差分,使用卫星数量:09,海拔高度:1057,
17年05月10日,09时36分42秒,北纬40度47719分,东经111度4169分,地面速率是0.000000节,地面航向是347.200000度,GPS状态是：,码差分,使用卫星数量:09,海拔高度:1057,
17年05月10日,09时36分43秒,北纬40度47719分,东经111度4169分,地面速率是0.000000节,地面航向是347.200000度,GPS状态是：,码差分,使用卫星数量:09,海拔高度:1057,
17年05月10日,09时36分44秒,北纬40度47719分,东经111度4169分,地面速率是0.000000节,地面航向是347.200000度,GPS状态是：,码差分,使用卫星数量:09,海拔高度:1057,
17年05月10日,09时36分45秒,北纬40度47719分,东经111度4169分,地面速率是0.000000节,地面航向是347.200000度,GPS状态是：,码差分,使用卫星数量:09,海拔高度:1057,
17年05月10日,09时36分46秒,北纬40度47719分,东经111度4169分,地面速率是0.000000节,地面航向是347.200000度,GPS状态是：,码差分,使用卫星数量:09,海拔高度:1057,
17年05月10日,09时36分47秒,北纬40度47719分,东经111度4169分,地面速率是0.000000节,地面航向是347.200000度,GPS状态是：,码差分,使用卫星数量:10,海拔高度:1057,
17年05月10日,09时36分48秒,北纬40度47719分,东经111度4169分,地面速率是0.000000节,地面航向是347.200000度,GPS状态是：,码差分,使用卫星数量:10,海拔高度:1057,
17年05月10日,09时36分49秒,北纬40度47719分,东经111度4169分,地面速率是0.000000节,地面航向是347.200000度,GPS状态是：,码差分,使用卫星数量:10,海拔高度:1057,
17年05月10日,09时36分50秒,北纬40度47719分,东经111度4169分,地面速率是0.000000节,地面航向是347.200000度,GPS状态是：,码差分,使用卫星数量:10,海拔高度:1057,
17年05月10日,09时36分51秒,北纬40度47719分,东经111度4169分,地面速率是0.000000节,地面航向是347.200000度,GPS状态是：,码差分,使用卫星数量:10,海拔高度:1057,
17年05月10日,09时36分52秒,北纬40度47719分,东经111度4169分,地面速率是0.000000节,地面航向是347.200000度,GPS状态是：,码差分,使用卫星数量:10,海拔高度:1057,
17年05月10日,09时36分53秒,北纬40度47719分,东经111度4169分,地面速率是0.000000节,地面航向是347.200000度,GPS状态是：,码差分,使用卫星数量:10,海拔高度:1057,
17年05月10日,09时36分54秒,北纬40度47719分,东经111度4169分,地面速率是0.000000节,地面航向是347.200000度,GPS状态是：,码差分,使用卫星数量:10,海拔高度:1057,
17年05月10日,09时36分55秒,北纬40度47719分,东经111度4169分,地面速率是0.000000节,地面航向是347.200000度,GPS状态是：,码差分,使用卫星数量:10,海拔高度:1057,
17年05月10日,09时36分56秒,北纬40度47719分,东经111度4169分,地面速率是0.000000节,地面航向是347.200000度,GPS状态是：,码差分,使用卫星数量:10,海拔高度:1057,
17年05月10日,09时36分57秒,北纬40度47719分,东经111度4169分,地面速率是0.000000节,地面航向是347.200000度,GPS状态是：,码差分,使用卫星数量:10,海拔高度:1057,
17年05月10日,09时36分58秒,北纬40度47719分,东经111度4169分,地面速率是0.000000节,地面航向是347.200000度,GPS状态是：,码差分,使用卫星数量:10,海拔高度:1057,
17年05月10日,09时36分59秒,北纬40度47719分,东经111度4169分,地面速率是0.000000节,地面航向是347.200000度,GPS状态是：,码差分,使用卫星数量:10,海拔高度:1057,
17年05月10日,09时37分00秒,北纬40度47719分,东经111度4169分,地面速率是0.000000节,地面航向是347.200000度,GPS状态是：,码差分,使用卫星数量:10,海拔高度:1057,
17年05月10日,09时37分01秒,北纬40度47719分,东经111度4169分,地面速率是0.000000节,地面航向是347.200000度,GPS状态是：,码差分,使用卫星数量:10,海拔高度:1057,
17年05月10日,09时37分02秒,北纬40度47719分,东经111度4169分,地面速率是0.000000节,地面航向是347.200000度,GPS状态是：,码差分,使用卫星数量:10,海拔高度:1057,
17年05月10日,09时37分03秒,北纬40度47719分,东经111度4169分,地面速率是0.000000节,地面航向是347.200000度,GPS状态是：,码差分,使用卫星数量:10,海拔高度:1057,
17年05月10日,09时37分04秒,北纬40度47719分,东经111度4169分,地面速率是0.000000节,地面航向是347.200000度,GPS状态是：,码差分,使用卫星数量:10,海拔高度:1057,
17年05月10日,09时37分05秒,北纬40度47722分,东经111度4169分,地面速率是3.500000节,地面航向是343.100000度,GPS状态是：,码差分,使用卫星数量:09,海拔高度:1053,
17年05月10日,09时37分06秒,北纬40度47724分,东经111度4169分,地面速率是7.800000节,地面航向是342.600000度,GPS状态是：,码差分,使用卫星数量:10,海拔高度:1053,
17年05月10日,09时37分07秒,北纬40度47726分,东经111度4168分,地面速率是11.000000节,地面航向是339.300000度,GPS状态是：,码差分,使用卫星数量:10,海拔高度:1054,
17年05月10日,09时37分08秒,北纬40度47730分,东经111度4168分,地面速率是13.000000节,地面航向是340.100000度,GPS状态是：,码差分,使用卫星数量:10,海拔高度:1054,
17年05月10日,09时37分09秒,北纬40度47733分,东经111度4168分,地面速率是14.800000节,地面航向是339.400000度,GPS状态是：,码差分,使用卫星数量:10,海拔高度:1054,
17年05月10日,09时37分10秒,北纬40度47737分,东经111度4168分,地面速率是15.900000节,地面航向是338.500000度,GPS状态是：,码差分,使用卫星数量:10,海拔高度:1054,
17年05月10日,09时37分11秒,北纬40度47742分,东经111度4168分,地面速率是16.000000节,地面航向是337.700000度,GPS状态是：,码差分,使用卫星数量:10,海拔高度:1054,
17年05月10日,09时37分12秒,北纬40度47746分,东经111度4167分,地面速率是16.200000节,地面航向是338.300000度,GPS状态是：,码差分,使用卫星数量:10,海拔高度:1054,
17年05月10日,09时37分13秒,北纬40度47750分,东经111度4167分,地面速率是17.800000节,地面航向是338.100000度,GPS状态是：,码差分,使用卫星数量:10,海拔高度:1055,
17年05月10日,09时37分14秒,北纬40度47755分,东经111度4167分,地面速率是18.100000节,地面航向是338.600000度,GPS状态是：,码差分,使用卫星数量:10,海拔高度:1055,
17年05月10日,09时37分15秒,北纬40度47760分,东经111度4167分,地面速率是19.600000节,地面航向是338.800000度,GPS状态是：,码差分,使用卫星数量:09,海拔高度:1056,
17年05月10日,09时37分16秒,北纬40度47765分,东经111度4166分,地面速率是20.300000节,地面航向是338.100000度,GPS状态是：,码差分,使用卫星数量:10,海拔高度:1056,
17年05月10日,09时37分17秒,北纬40度47770分,东经111度4166分,地面速率是20.100000节,地面航向是338.900000度,GPS状态是：,码差分,使用卫星数量:09,海拔高度:1056,
17年05月10日,09时37分18秒,北纬40度47776分,东经111度4166分,地面速率是20.000000节,地面航向是340.100000度,GPS状态是：,码差分,使用卫星数量:09,海拔高度:1056,
17年05月10日,09时37分19秒,北纬40度47781分,东经111度4166分,地面速率是20.800000节,地面航向是341.300000度,GPS状态是：,码差分,使用卫星数量:09,海拔高度:1057,
17年05月10日,09时37分20秒,北纬40度47787分,东经111度4165分,地面速率是21.800000节,地面航向是342.900000度,GPS状态是：,码差分,使用卫星数量:10,海拔高度:1057,
17年05月10日,09时37分21秒,北纬40度47793分,东经111度4165分,地面速率是22.900000节,地面航向是344.000000度,GPS状态是：,码差分,使用卫星数量:10,海拔高度:1057,
17年05月10日,09时37分22秒,北纬40度47800分,东经111度4165分,地面速率是23.500000节,地面航向是343.000000度,GPS状态是：,码差分,使用卫星数量:10,海拔高度:1058,
17年05月10日,09时37分23秒,北纬40度47806分,东经111度4165分,地面速率是23.800000节,地面航向是343.200000度,GPS状态是：,码差分,使用卫星数量:10,海拔高度:1059,
17年05月10日,09时37分24秒,北纬40度47813分,东经111度4164分,地面速率是23.100000节,地面航向是343.900000度,GPS状态是：,码差分,使用卫星数量:09,海拔高度:1059,
17年05月10日,09时37分25秒,北纬40度47818分,东经111度4164分,地面速率是20.100000节,地面航向是345.000000度,GPS状态是：,码差分,使用卫星数量:10,海拔高度:1060,
17年05月10日,09时37分26秒,北纬40度47823分,东经111度4164分,地面速率是15.300000节,地面航向是346.200000度,GPS状态是：,码差分,使用卫星数量:09,海拔高度:1060,
17年05月10日,09时37分27秒,北纬40度47827分,东经111度4164分,地面速率是12.500000节,地面航向是346.700000度,GPS状态是：,码差分,使用卫星数量:10,海拔高度:1060,
17年05月10日,09时37分28秒,北纬40度47830分,东经111度4164分,地面速率是10.500000节,地面航向是345.800000度,GPS状态是：,码差分,使用卫星数量:10,海拔高度:1060,
17年05月10日,09时37分29秒,北纬40度47832分,东经111度4164分,地面速率是8.300000节,地面航向是344.200000度,GPS状态是：,码差分,使用卫星数量:10,海拔高度:1060,
17年05月10日,09时37分30秒,北纬40度47834分,东经111度4164分,地面速率是6.900000节,地面航向是342.000000度,GPS状态是：,码差分,使用卫星数量:10,海拔高度:1060,
17年05月10日,09时37分31秒,北纬40度47836分,东经111度4163分,地面速率是6.600000节,地面航向是339.900000度,GPS状态是：,码差分,使用卫星数量:09,海拔高度:1061,
17年05月10日,09时37分32秒,北纬40度47838分,东经111度4163分,地面速率是8.600000节,地面航向是337.900000度,GPS状态是：,码差分,使用卫星数量:10,海拔高度:1061,
17年05月10日,09时37分33秒,北纬40度47840分,东经111度4163分,地面速率是11.800000节,地面航向是337.200000度,GPS状态是：,码差分,使用卫星数量:09,海拔高度:1061,
17年05月10日,09时37分34秒,北纬40度47844分,东经111度4163分,地面速率是14.500000节,地面航向是337.400000度,GPS状态是：,码差分,使用卫星数量:10,海拔高度:1061,
17年05月10日,09时37分35秒,北纬40度47848分,东经111度4163分,地面速率是15.400000节,地面航向是338.200000度,GPS状态是：,码差分,使用卫星数量:09,海拔高度:1061,
17年05月10日,09时37分36秒,北纬40度47853分,东经111度4163分,地面速率是17.500000节,地面航向是339.200000度,GPS状态是：,码差分,使用卫星数量:09,海拔高度:1061,
17年05月10日,09时37分37秒,北纬40度47857分,东经111度4162分,地面速率是18.400000节,地面航向是339.800000度,GPS状态是：,码差分,使用卫星数量:09,海拔高度:1061,
17年05月10日,09时37分38秒,北纬40度47862分,东经111度4162分,地面速率是18.400000节,地面航向是340.500000度,GPS状态是：,码差分,使用卫星数量:09,海拔高度:1061,
17年05月10日,09时37分39秒,北纬40度47867分,东经111度4162分,地面速率是19.000000节,地面航向是341.400000度,GPS状态是：,码差分,使用卫星数量:09,海拔高度:1061,
17年05月10日,09时37分40秒,北纬40度47873分,东经111度4162分,地面速率是18.700000节,地面航向是342.500000度,GPS状态是：,码差分,使用卫星数量:09,海拔高度:1062,
17年05月10日,09时37分41秒,北纬40度47878分,东经111度4161分,地面速率是18.700000节,地面航向是343.400000度,GPS状态是：,码差分,使用卫星数量:09,海拔高度:1062,
17年05月10日,09时37分42秒,北纬40度47883分,东经111度4161分,地面速率是19.300000节,地面航向是343.700000度,GPS状态是：,码差分,使用卫星数量:10,海拔高度:1062,
17年05月10日,09时37分43秒,北纬40度47889分,东经111度4161分,地面速率是19.800000节,地面航向是343.100000度,GPS状态是：,码差分,使用卫星数量:10,海拔高度:1062,
17年05月10日,09时37分44秒,北纬40度47894分,东经111度4161分,地面速率是19.500000节,地面航向是341.800000度,GPS状态是：,码差分,使用卫星数量:10,海拔高度:1062,
17年05月10日,09时37分45秒,北纬40度47899分,东经111度4161分,地面速率是19.000000节,地面航向是340.400000度,GPS状态是：,码差分,使用卫星数量:09,海拔高度:1062,
17年05月10日,09时37分46秒,北纬40度47904分,东经111度4160分,地面速率是18.700000节,地面航向是339.800000度,GPS状态是：,码差分,使用卫星数量:10,海拔高度:1062,
17年05月10日,09时37分47秒,北纬40度47909分,东经111度4160分,地面速率是19.000000节,地面航向是339.300000度,GPS状态是：,码差分,使用卫星数量:10,海拔高度:1062,
17年05月10日,09时37分48秒,北纬40度47914分,东经111度4160分,地面速率是17.500000节,地面航向是339.900000度,GPS状态是：,码差分,使用卫星数量:10,海拔高度:1062,
17年05月10日,09时37分49秒,北纬40度47919分,东经111度4160分,地面速率是16.600000节,地面航向是340.600000度,GPS状态是：,码差分,使用卫星数量:10,海拔高度:1062,
17年05月10日,09时37分50秒,北纬40度47923分,东经111度4159分,地面速率是15.500000节,地面航向是340.900000度,GPS状态是：,码差分,使用卫星数量:10,海拔高度:1063,
17年05月10日,09时37分51秒,北纬40度47927分,东经111度4159分,地面速率是14.400000节,地面航向是340.900000度,GPS状态是：,码差分,使用卫星数量:10,海拔高度:1063,
17年05月10日,09时37分52秒,北纬40度47930分,东经111度4159分,地面速率是13.300000节,地面航向是340.400000度,GPS状态是：,码差分,使用卫星数量:09,海拔高度:1064,
17年05月10日,09时37分53秒,北纬40度47934分,东经111度4159分,地面速率是12.300000节,地面航向是339.600000度,GPS状态是：,码差分,使用卫星数量:09,海拔高度:1064,
17年05月10日,09时37分54秒,北纬40度47937分,东经111度4159分,地面速率是11.100000节,地面航向是339.000000度,GPS状态是：,码差分,使用卫星数量:09,海拔高度:1064,
17年05月10日,09时37分55秒,北纬40度47939分,东经111度4159分,地面速率是9.800000节,地面航向是338.700000度,GPS状态是：,码差分,使用卫星数量:09,海拔高度:1064,
17年05月10日,09时37分56秒,北纬40度47942分,东经111度4158分,地面速率是9.500000节,地面航向是338.400000度,GPS状态是：,码差分,使用卫星数量:09,海拔高度:1063,
17年05月10日,09时37分57秒,北纬40度47945分,东经111度4158分,地面速率是10.200000节,地面航向是344.700000度,GPS状态是：,码差分,使用卫星数量:09,海拔高度:1063,
17年05月10日,09时37分58秒,北纬40度47947分,东经111度4158分,地面速率是10.000000节,地面航向是344.900000度,GPS状态是：,码差分,使用卫星数量:10,海拔高度:1063,
17年05月10日,09时37分59秒,北纬40度47950分,东经111度4158分,地面速率是8.600000节,地面航向是347.400000度,GPS状态是：,码差分,使用卫星数量:10,海拔高度:1063,
17年05月10日,09时38分00秒,北纬40度47952分,东经111度4158分,地面速率是7.900000节,地面航向是354.100000度,GPS状态是：,码差分,使用卫星数量:10,海拔高度:1062,
17年05月10日,09时38分01秒,北纬40度47955分,东经111度4158分,地面速率是8.600000节,地面航向是353.300000度,GPS状态是：,码差分,使用卫星数量:10,海拔高度:1062,
17年05月10日,09时38分02秒,北纬40度47957分,东经111度4158分,地面速率是9.300000节,地面航向是352.400000度,GPS状态是：,码差分,使用卫星数量:10,海拔高度:1062,
17年05月10日,09时38分03秒,北纬40度47959分,东经111度4158分,地面速率是8.000000节,地面航向是351.400000度,GPS状态是：,码差分,使用卫星数量:10,海拔高度:1062,
17年05月10日,09时38分04秒,北纬40度47961分,东经111度4158分,地面速率是6.900000节,地面航向是350.500000度,GPS状态是：,码差分,使用卫星数量:10,海拔高度:1062,
17年05月10日,09时38分05秒,北纬40度47963分,东经111度4158分,地面速率是4.500000节,地面航向是349.300000度,GPS状态是：,码差分,使用卫星数量:10,海拔高度:1062,
17年05月10日,09时38分06秒,北纬40度47964分,东经111度4158分,地面速率是3.200000节,地面航向是345.400000度,GPS状态是：,码差分,使用卫星数量:10,海拔高度:1062,
17年05月10日,09时38分07秒,北纬40度47964分,东经111度4158分,地面速率是2.200000节,地面航向是345.400000度,GPS状态是：,码差分,使用卫星数量:10,海拔高度:1063,
17年05月10日,09时38分08秒,北纬40度47965分,东经111度4158分,地面速率是0.100000节,地面航向是345.400000度,GPS状态是：,码差分,使用卫星数量:10,海拔高度:1063,
17年05月10日,09时38分09秒,北纬40度47965分,东经111度4158分,地面速率是0.000000节,地面航向是345.400000度,GPS状态是：,码差分,使用卫星数量:10,海拔高度:1063,
17年05月10日,09时38分10秒,北纬40度47966分,东经111度4158分,地面速率是0.000000节,地面航向是345.400000度,GPS状态是：,码差分,使用卫星数量:10,海拔高度:1064,
17年05月10日,09时38分11秒,北纬40度47966分,东经111度4158分,地面速率是0.000000节,地面航向是345.400000度,GPS状态是：,码差分,使用卫星数量:10,海拔高度:1064,
17年05月10日,09时38分12秒,北纬40度47966分,东经111度4158分,地面速率是0.000000节,地面航向是345.400000度,GPS状态是：,码差分,使用卫星数量:09,海拔高度:1064,
17年05月10日,09时38分13秒,北纬40度47966分,东经111度4158分,地面速率是0.000000节,地面航向是345.400000度,GPS状态是：,码差分,使用卫星数量:09,海拔高度:1064,
17年05月10日,09时38分14秒,北纬40度47966分,东经111度4158分,地面速率是0.000000节,地面航向是345.400000度,GPS状态是：,码差分,使用卫星数量:09,海拔高度:1064,
17年05月10日,09时38分15秒,北纬40度47966分,东经111度4158分,地面速率是0.000000节,地面航向是345.400000度,GPS状态是：,码差分,使用卫星数量:09,海拔高度:1064,
17年05月10日,09时38分16秒,北纬40度47966分,东经111度4158分,地面速率是0.000000节,地面航向是345.400000度,GPS状态是：,码差分,使用卫星数量:09,海拔高度:1064,
17年05月10日,09时38分17秒,北纬40度47966分,东经111度4158分,地面速率是0.000000节,地面航向是345.400000度,GPS状态是：,码差分,使用卫星数量:09,海拔高度:1064,
17年05月10日,09时38分18秒,北纬40度47966分,东经111度4158分,地面速率是0.000000节,地面航向是345.400000度,GPS状态是：,码差分,使用卫星数量:09,海拔高度:1064,
17年05月10日,09时38分19秒,北纬40度47967分,东经111度4158分,地面速率是1.600000节,地面航向是345.400000度,GPS状态是：,码差分,使用卫星数量:09,海拔高度:1064,
17年05月10日,09时38分20秒,北纬40度47967分,东经111度4157分,地面速率是2.500000节,地面航向是345.400000度,GPS状态是：,码差分,使用卫星数量:09,海拔高度:1064,
17年05月10日,09时38分21秒,北纬40度47969分,东经111度4157分,地面速率是2.900000节,地面航向是337.400000度,GPS状态是：,码差分,使用卫星数量:10,海拔高度:1064,
17年05月10日,09时38分22秒,北纬40度47970分,东经111度4157分,地面速率是2.200000节,地面航向是340.600000度,GPS状态是：,码差分,使用卫星数量:10,海拔高度:1064,
17年05月10日,09时38分23秒,北纬40度47970分,东经111度4157分,地面速率是0.800000节,地面航向是341.400000度,GPS状态是：,码差分,使用卫星数量:10,海拔高度:1064,
17年05月10日,09时38分24秒,北纬40度47970分,东经111度4157分,地面速率是0.000000节,地面航向是341.400000度,GPS状态是：,码差分,使用卫星数量:10,海拔高度:1064,
17年05月10日,09时38分25秒,北纬40度47971分,东经111度4157分,地面速率是0.000000节,地面航向是341.400000度,GPS状态是：,码差分,使用卫星数量:10,海拔高度:1064,
17年05月10日,09时38分26秒,北纬40度47971分,东经111度4157分,地面速率是0.000000节,地面航向是341.400000度,GPS状态是：,码差分,使用卫星数量:10,海拔高度:1064,
17年05月10日,09时38分27秒,北纬40度47971分,东经111度4157分,地面速率是0.000000节,地面航向是341.400000度,GPS状态是：,码差分,使用卫星数量:10,海拔高度:1064,
17年05月10日,09时38分28秒,北纬40度47971分,东经111度4157分,地面速率是0.000000节,地面航向是341.400000度,GPS状态是：,码差分,使用卫星数量:10,海拔高度:1064,
17年05月10日,09时38分29秒,北纬40度47971分,东经111度4157分,地面速率是0.000000节,地面航向是341.400000度,GPS状态是：,码差分,使用卫星数量:10,海拔高度:1064,
17年05月10日,09时38分30秒,北纬40度47971分,东经111度4157分,地面速率是0.000000节,地面航向是341.400000度,GPS状态是：,码差分,使用卫星数量:10,海拔高度:1064,
17年05月10日,09时38分31秒,北纬40度47971分,东经111度4157分,地面速率是0.000000节,地面航向是341.400000度,GPS状态是：,码差分,使用卫星数量:10,海拔高度:1064,
17年05月10日,09时38分32秒,北纬40度47971分,东经111度4157分,地面速率是0.000000节,地面航向是341.400000度,GPS状态是：,码差分,使用卫星数量:10,海拔高度:1064,
17年05月10日,09时38分33秒,北纬40度47971分,东经111度4157分,地面速率是0.000000节,地面航向是341.400000度,GPS状态是：,码差分,使用卫星数量:10,海拔高度:1064,
17年05月10日,09时38分34秒,北纬40度47971分,东经111度4157分,地面速率是0.000000节,地面航向是341.400000度,GPS状态是：,码差分,使用卫星数量:10,海拔高度:1064,
17年05月10日,09时38分35秒,北纬40度47971分,东经111度4157分,地面速率是0.000000节,地面航向是341.400000度,GPS状态是：,码差分,使用卫星数量:10,海拔高度:1064,
17年05月10日,09时38分36秒,北纬40度47971分,东经111度4157分,地面速率是0.000000节,地面航向是341.400000度,GPS状态是：,码差分,使用卫星数量:10,海拔高度:1064,
17年05月10日,09时38分37秒,北纬40度47972分,东经111度4157分,地面速率是1.200000节,地面航向是335.600000度,GPS状态是：,码差分,使用卫星数量:10,海拔高度:1064,
17年05月10日,09时38分38秒,北纬40度47972分,东经111度4157分,地面速率是1.600000节,地面航向是338.400000度,GPS状态是：,码差分,使用卫星数量:10,海拔高度:1064,
17年05月10日,09时38分39秒,北纬40度47973分,东经111度4157分,地面速率是1.400000节,地面航向是345.100000度,GPS状态是：,码差分,使用卫星数量:10,海拔高度:1064,
17年05月10日,09时38分40秒,北纬40度47973分,东经111度4157分,地面速率是1.500000节,地面航向是344.400000度,GPS状态是：,码差分,使用卫星数量:10,海拔高度:1064,
17年05月10日,09时38分41秒,北纬40度47974分,东经111度4157分,地面速率是1.700000节,地面航向是343.800000度,GPS状态是：,码差分,使用卫星数量:10,海拔高度:1064,
17年05月10日,09时38分42秒,北纬40度47974分,东经111度4157分,地面速率是1.500000节,地面航向是346.000000度,GPS状态是：,码差分,使用卫星数量:09,海拔高度:1064,
17年05月10日,09时38分43秒,北纬40度47975分,东经111度4157分,地面速率是1.000000节,地面航向是348.300000度,GPS状态是：,码差分,使用卫星数量:09,海拔高度:1064,
17年05月10日,09时38分44秒,北纬40度47975分,东经111度4157分,地面速率是0.700000节,地面航向是356.500000度,GPS状态是：,码差分,使用卫星数量:09,海拔高度:1064,
17年05月10日,09时38分45秒,北纬40度47975分,东经111度4157分,地面速率是0.400000节,地面航向是356.500000度,GPS状态是：,码差分,使用卫星数量:10,海拔高度:1064,
17年05月10日,09时38分46秒,北纬40度47975分,东经111度4157分,地面速率是0.400000节,地面航向是356.500000度,GPS状态是：,码差分,使用卫星数量:09,海拔高度:1063,
17年05月10日,09时38分47秒,北纬40度47975分,东经111度4157分,地面速率是0.500000节,地面航向是351.000000度,GPS状态是：,码差分,使用卫星数量:09,海拔高度:1063,
17年05月10日,09时38分48秒,北纬40度47976分,东经111度4157分,地面速率是0.700000节,地面航向是338.000000度,GPS状态是：,码差分,使用卫星数量:09,海拔高度:1063,
17年05月10日,09时38分49秒,北纬40度47976分,东经111度4157分,地面速率是1.000000节,地面航向是334.600000度,GPS状态是：,码差分,使用卫星数量:09,海拔高度:1063,
17年05月10日,09时38分50秒,北纬40度47976分,东经111度4157分,地面速率是0.600000节,地面航向是351.200000度,GPS状态是：,码差分,使用卫星数量:10,海拔高度:1063,
17年05月10日,09时38分51秒,北纬40度47976分,东经111度4157分,地面速率是0.000000节,地面航向是351.200000度,GPS状态是：,码差分,使用卫星数量:08,海拔高度:1063,
17年05月10日,09时38分52秒,北纬40度47976分,东经111度4157分,地面速率是0.000000节,地面航向是351.200000度,GPS状态是：,码差分,使用卫星数量:09,海拔高度:1063,
17年05月10日,09时38分53秒,北纬40度47976分,东经111度4157分,地面速率是0.000000节,地面航向是351.200000度,GPS状态是：,码差分,使用卫星数量:09,海拔高度:1063,
17年05月10日,09时38分54秒,北纬40度47976分,东经111度4157分,地面速率是0.000000节,地面航向是351.200000度,GPS状态是：,码差分,使用卫星数量:09,海拔高度:1063,
17年05月10日,09时38分55秒,北纬40度47976分,东经111度4157分,地面速率是0.000000节,地面航向是351.200000度,GPS状态是：,码差分,使用卫星数量:09,海拔高度:1063,
17年05月10日,09时38分56秒,北纬40度47976分,东经111度4157分,地面速率是0.000000节,地面航向是351.200000度,GPS状态是：,码差分,使用卫星数量:09,海拔高度:1063,
17年05月10日,09时38分57秒,北纬40度47976分,东经111度4157分,地面速率是0.000000节,地面航向是351.200000度,GPS状态是：,码差分,使用卫星数量:09,海拔高度:1063,
17年05月10日,09时38分58秒,北纬40度47976分,东经111度4157分,地面速率是0.000000节,地面航向是351.200000度,GPS状态是：,码差分,使用卫星数量:09,海拔高度:1063,
17年05月10日,09时38分59秒,北纬40度47976分,东经111度4157分,地面速率是0.000000节,地面航向是351.200000度,GPS状态是：,码差分,使用卫星数量:10,海拔高度:1063,
17年05月10日,09时39分00秒,北纬40度47976分,东经111度4157分,地面速率是0.000000节,地面航向是351.200000度,GPS状态是：,码差分,使用卫星数量:10,海拔高度:1063,
17年05月10日,09时39分01秒,北纬40度47976分,东经111度4157分,地面速率是0.000000节,地面航向是351.200000度,GPS状态是：,码差分,使用卫星数量:10,海拔高度:1063,
17年05月10日,09时39分02秒,北纬40度47976分,东经111度4157分,地面速率是0.000000节,地面航向是351.200000度,GPS状态是：,码差分,使用卫星数量:10,海拔高度:1063,
17年05月10日,09时39分03秒,北纬40度47976分,东经111度4157分,地面速率是0.000000节,地面航向是351.200000度,GPS状态是：,码差分,使用卫星数量:10,海拔高度:1063,
17年05月10日,09时39分04秒,北纬40度47976分,东经111度4157分,地面速率是0.000000节,地面航向是351.200000度,GPS状态是：,码差分,使用卫星数量:10,海拔高度:1063,
17年05月10日,09时39分05秒,北纬40度47976分,东经111度4157分,地面速率是0.000000节,地面航向是351.200000度,GPS状态是：,码差分,使用卫星数量:10,海拔高度:1063,
17年05月10日,09时39分06秒,北纬40度47976分,东经111度4157分,地面速率是0.000000节,地面航向是351.200000度,GPS状态是：,码差分,使用卫星数量:09,海拔高度:1063,
17年05月10日,09时39分07秒,北纬40度47976分,东经111度4157分,地面速率是0.000000节,地面航向是351.200000度,GPS状态是：,码差分,使用卫星数量:09,海拔高度:1063,
17年05月10日,09时39分08秒,北纬40度47976分,东经111度4157分,地面速率是0.000000节,地面航向是351.200000度,GPS状态是：,码差分,使用卫星数量:10,海拔高度:1063,
17年05月10日,09时39分09秒,北纬40度47976分,东经111度4157分,地面速率是0.000000节,地面航向是351.200000度,GPS状态是：,码差分,使用卫星数量:10,海拔高度:1063,
17年05月10日,09时39分10秒,北纬40度47976分,东经111度4157分,地面速率是0.000000节,地面航向是351.200000度,GPS状态是：,码差分,使用卫星数量:10,海拔高度:1063,
17年05月10日,09时39分11秒,北纬40度47976分,东经111度4157分,地面速率是0.000000节,地面航向是351.200000度,GPS状态是：,码差分,使用卫星数量:10,海拔高度:1063,
17年05月10日,09时39分12秒,北纬40度47976分,东经111度4157分,地面速率是0.000000节,地面航向是351.200000度,GPS状态是：,码差分,使用卫星数量:10,海拔高度:1063,
17年05月10日,09时39分13秒,北纬40度47977分,东经111度4157分,地面速率是2.500000节,地面航向是323.800000度,GPS状态是：,码差分,使用卫星数量:10,海拔高度:1063,
17年05月10日,09时39分14秒,北纬40度47978分,东经111度4157分,地面速率是6.000000节,地面航向是324.500000度,GPS状态是：,码差分,使用卫星数量:10,海拔高度:1063,
17年05月10日,09时39分15秒,北纬40度47981分,东经111度4157分,地面速率是8.000000节,地面航向是325.900000度,GPS状态是：,码差分,使用卫星数量:09,海拔高度:1063,
17年05月10日,09时39分16秒,北纬40度47983分,东经111度4157分,地面速率是9.200000节,地面航向是326.800000度,GPS状态是：,码差分,使用卫星数量:10,海拔高度:1063,
17年05月10日,09时39分17秒,北纬40度47986分,东经111度4157分,地面速率是11.800000节,地面航向是328.200000度,GPS状态是：,码差分,使用卫星数量:10,海拔高度:1063,
17年05月10日,09时39分18秒,北纬40度47990分,东经111度4157分,地面速率是12.300000节,地面航向是329.700000度,GPS状态是：,码差分,使用卫星数量:10,海拔高度:1063,
17年05月10日,09时39分19秒,北纬40度47993分,东经111度4156分,地面速率是11.100000节,地面航向是331.000000度,GPS状态是：,码差分,使用卫星数量:10,海拔高度:1063,
17年05月10日,09时39分20秒,北纬40度47996分,东经111度4156分,地面速率是10.600000节,地面航向是332.200000度,GPS状态是：,码差分,使用卫星数量:10,海拔高度:1063,
17年05月10日,09时39分21秒,北纬40度47998分,东经111度4156分,地面速率是8.900000节,地面航向是333.400000度,GPS状态是：,码差分,使用卫星数量:10,海拔高度:1063,
17年05月10日,09时39分22秒,北纬40度48000分,东经111度4156分,地面速率是6.900000节,地面航向是334.300000度,GPS状态是：,码差分,使用卫星数量:10,海拔高度:1064,
17年05月10日,09时39分23秒,北纬40度48002分,东经111度4156分,地面速率是7.800000节,地面航向是335.200000度,GPS状态是：,码差分,使用卫星数量:10,海拔高度:1064,
17年05月10日,09时39分24秒,北纬40度48005分,东经111度4156分,地面速率是9.100000节,地面航向是336.000000度,GPS状态是：,码差分,使用卫星数量:10,海拔高度:1065,
17年05月10日,09时39分25秒,北纬40度48007分,东经111度4156分,地面速率是9.900000节,地面航向是336.900000度,GPS状态是：,码差分,使用卫星数量:10,海拔高度:1066,
17年05月10日,09时39分26秒,北纬40度48010分,东经111度4155分,地面速率是10.300000节,地面航向是337.600000度,GPS状态是：,码差分,使用卫星数量:10,海拔高度:1066,
17年05月10日,09时39分27秒,北纬40度48013分,东经111度4155分,地面速率是12.200000节,地面航向是339.700000度,GPS状态是：,码差分,使用卫星数量:10,海拔高度:1067,
17年05月10日,09时39分28秒,北纬40度48016分,东经111度4155分,地面速率是13.700000节,地面航向是340.900000度,GPS状态是：,码差分,使用卫星数量:10,海拔高度:1067,
17年05月10日,09时39分29秒,北纬40度48020分,东经111度4155分,地面速率是14.500000节,地面航向是341.700000度,GPS状态是：,码差分,使用卫星数量:10,海拔高度:1068,
17年05月10日,09时39分30秒,北纬40度48024分,东经111度4155分,地面速率是14.600000节,地面航向是342.200000度,GPS状态是：,码差分,使用卫星数量:10,海拔高度:1069,
17年05月10日,09时39分31秒,北纬40度48028分,东经111度4155分,地面速率是14.100000节,地面航向是342.300000度,GPS状态是：,码差分,使用卫星数量:10,海拔高度:1069,
17年05月10日,09时39分31秒,北纬40度48028分,东经111度4155分,地面速率是14.100000节,地面航向是342.300000度,GPS状态是：,码差分,使用卫星数量:10,海拔高度:1069,
17年05月10日,09时39分32秒,北纬40度48031分,东经111度4154分,地面速率是12.400000节,地面航向是341.900000度,GPS状态是：,码差分,使用卫星数量:10,海拔高度:1069,
17年05月10日,09时39分33秒,北纬40度48034分,东经111度4154分,地面速率是9.500000节,地面航向是341.900000度,GPS状态是：,码差分,使用卫星数量:10,海拔高度:1069,
17年05月10日,09时39分34秒,北纬40度48037分,东经111度4154分,地面速率是7.800000节,地面航向是341.700000度,GPS状态是：,码差分,使用卫星数量:10,海拔高度:1069,
17年05月10日,09时39分35秒,北纬40度48039分,东经111度4154分,地面速率是8.700000节,地面航向是342.200000度,GPS状态是：,码差分,使用卫星数量:09,海拔高度:1068,
17年05月10日,09时39分36秒,北纬40度48042分,东经111度4154分,地面速率是10.500000节,地面航向是342.200000度,GPS状态是：,码差分,使用卫星数量:10,海拔高度:1069,
17年05月10日,09时39分37秒,北纬40度48045分,东经111度4154分,地面速率是10.900000节,地面航向是341.700000度,GPS状态是：,码差分,使用卫星数量:09,海拔高度:1069,
17年05月10日,09时39分38秒,北纬40度48047分,东经111度4154分,地面速率是11.200000节,地面航向是340.900000度,GPS状态是：,码差分,使用卫星数量:09,海拔高度:1068,
17年05月10日,09时39分39秒,北纬40度48051分,东经111度4154分,地面速率是12.100000节,地面航向是339.600000度,GPS状态是：,码差分,使用卫星数量:09,海拔高度:1068,
17年05月10日,09时39分40秒,北纬40度48054分,东经111度4153分,地面速率是14.500000节,地面航向是338.200000度,GPS状态是：,码差分,使用卫星数量:09,海拔高度:1067,
17年05月10日,09时39分41秒,北纬40度48058分,东经111度4153分,地面速率是16.800000节,地面航向是337.500000度,GPS状态是：,码差分,使用卫星数量:08,海拔高度:1067,
17年05月10日,09时39分42秒,北纬40度48063分,东经111度4153分,地面速率是17.400000节,地面航向是338.000000度,GPS状态是：,码差分,使用卫星数量:09,海拔高度:1067,
17年05月10日,09时39分44秒,北纬40度48072分,东经111度4152分,地面速率是15.400000节,地面航向是339.200000度,GPS状态是：,码差分,使用卫星数量:09,海拔高度:1067,
17年05月10日,09时39分45秒,北纬40度48076分,东经111度4152分,地面速率是16.100000节,地面航向是341.100000度,GPS状态是：,码差分,使用卫星数量:09,海拔高度:1067,
17年05月10日,09时39分46秒,北纬40度48081分,东经111度4152分,地面速率是17.100000节,地面航向是343.000000度,GPS状态是：,码差分,使用卫星数量:09,海拔高度:1068,
17年05月10日,09时39分46秒,北纬40度48081分,东经111度4152分,地面速率是17.100000节,地面航向是343.000000度,GPS状态是：,码差分,使用卫星数量:09,海拔高度:1068,
17年05月10日,09时39分48秒,北纬40度48092分,东经111度4152分,地面速率是19.900000节,地面航向是345.900000度,GPS状态是：,码差分,使用卫星数量:08,海拔高度:1068,
17年05月10日,09时39分48秒,北纬40度48092分,东经111度4152分,地面速率是19.900000节,地面航向是345.900000度,GPS状态是：,码差分,使用卫星数量:08,海拔高度:1069,
17年05月10日,09时39分50秒,北纬40度48103分,东经111度4151分,地面速率是20.200000节,地面航向是346.000000度,GPS状态是：,码差分,使用卫星数量:08,海拔高度:1069,
17年05月10日,09时39分50秒,北纬40度48103分,东经111度4151分,地面速率是20.200000节,地面航向是346.000000度,GPS状态是：,码差分,使用卫星数量:09,海拔高度:1070,
17年05月10日,09时39分51秒,北纬40度48108分,东经111度4151分,地面速率是20.400000节,地面航向是345.700000度,GPS状态是：,码差分,使用卫星数量:09,海拔高度:1070,
17年05月10日,09时39分52秒,北纬40度48113分,东经111度4151分,地面速率是21.300000节,地面航向是345.400000度,GPS状态是：,码差分,使用卫星数量:09,海拔高度:1070,
17年05月10日,09时39分53秒,北纬40度48119分,东经111度4151分,地面速率是21.400000节,地面航向是344.600000度,GPS状态是：,码差分,使用卫星数量:09,海拔高度:1070,
17年05月10日,09时39分55秒,北纬40度48131分,东经111度4150分,地面速率是21.700000节,地面航向是342.000000度,GPS状态是：,码差分,使用卫星数量:09,海拔高度:1070,
17年05月10日,09时39分55秒,北纬40度48131分,东经111度4150分,地面速率是21.700000节,地面航向是342.000000度,GPS状态是：,码差分,使用卫星数量:09,海拔高度:1069,
17年05月10日,09时39分56秒,北纬40度48137分,东经111度4150分,地面速率是22.600000节,地面航向是341.100000度,GPS状态是：,码差分,使用卫星数量:09,海拔高度:1069,
17年05月10日,09时39分57秒,北纬40度48142分,东经111度4149分,地面速率是21.600000节,地面航向是340.500000度,GPS状态是：,码差分,使用卫星数量:10,海拔高度:1070,
17年05月10日,09时39分58秒,北纬40度48148分,东经111度4149分,地面速率是20.000000节,地面航向是340.500000度,GPS状态是：,码差分,使用卫星数量:10,海拔高度:1070,
17年05月10日,09时39分59秒,北纬40度48153分,东经111度4149分,地面速率是19.000000节,地面航向是341.600000度,GPS状态是：,码差分,使用卫星数量:10,海拔高度:1070,
17年05月10日,09时40分00秒,北纬40度48158分,东经111度4149分,地面速率是18.700000节,地面航向是343.000000度,GPS状态是：,码差分,使用卫星数量:10,海拔高度:1070,
17年05月10日,09时40分02秒,北纬40度48168分,东经111度4148分,地面速率是18.600000节,地面航向是343.700000度,GPS状态是：,码差分,使用卫星数量:10,海拔高度:1070,
17年05月10日,09时40分02秒,北纬40度48168分,东经111度4148分,地面速率是18.600000节,地面航向是343.700000度,GPS状态是：,码差分,使用卫星数量:10,海拔高度:1069,
17年05月10日,09时40分04秒,北纬40度48178分,东经111度4148分,地面速率是18.900000节,地面航向是341.300000度,GPS状态是：,码差分,使用卫星数量:10,海拔高度:1069,
17年05月10日,09时40分04秒,北纬40度48178分,东经111度4148分,地面速率是18.900000节,地面航向是341.300000度,GPS状态是：,码差分,使用卫星数量:10,海拔高度:1070,
17年05月10日,09时40分05秒,北纬40度48183分,东经111度4148分,地面速率是18.900000节,地面航向是340.100000度,GPS状态是：,码差分,使用卫星数量:10,海拔高度:1069,
17年05月10日,09时40分06秒,北纬40度48189分,东经111度4147分,地面速率是18.300000节,地面航向是340.000000度,GPS状态是：,码差分,使用卫星数量:10,海拔高度:1069,
17年05月10日,09时40分07秒,北纬40度48193分,东经111度4147分,地面速率是18.300000节,地面航向是340.200000度,GPS状态是：,码差分,使用卫星数量:10,海拔高度:1069,
17年05月10日,09时40分08秒,北纬40度48198分,东经111度4147分,地面速率是17.900000节,地面航向是340.500000度,GPS状态是：,码差分,使用卫星数量:10,海拔高度:1069,
17年05月10日,09时40分09秒,北纬40度48203分,东经111度4147分,地面速率是17.900000节,地面航向是341.200000度,GPS状态是：,码差分,使用卫星数量:10,海拔高度:1070,
17年05月10日,09时40分10秒,北纬40度48207分,东经111度4146分,地面速率是17.700000节,地面航向是341.300000度,GPS状态是：,码差分,使用卫星数量:10,海拔高度:1070,
17年05月10日,09时40分11秒,北纬40度48212分,东经111度4146分,地面速率是17.400000节,地面航向是341.100000度,GPS状态是：,码差分,使用卫星数量:10,海拔高度:1070,
17年05月10日,09时40分12秒,北纬40度48216分,东经111度4146分,地面速率是16.800000节,地面航向是341.300000度,GPS状态是：,码差分,使用卫星数量:10,海拔高度:1070,
17年05月10日,09时40分13秒,北纬40度48221分,东经111度4146分,地面速率是16.800000节,地面航向是342.100000度,GPS状态是：,码差分,使用卫星数量:10,海拔高度:1070,
17年05月10日,09时40分14秒,北纬40度48225分,东经111度4146分,地面速率是17.200000节,地面航向是342.300000度,GPS状态是：,码差分,使用卫星数量:10,海拔高度:1070,
17年05月10日,09时40分16秒,北纬40度48235分,东经111度4145分,地面速率是19.900000节,地面航向是340.200000度,GPS状态是：,码差分,使用卫星数量:10,海拔高度:1071,
17年05月10日,09时40分16秒,北纬40度48235分,东经111度4145分,地面速率是19.900000节,地面航向是340.200000度,GPS状态是：,码差分,使用卫星数量:10,海拔高度:1070,
17年05月10日,09时40分17秒,北纬40度48240分,东经111度4145分,地面速率是20.100000节,地面航向是339.400000度,GPS状态是：,码差分,使用卫星数量:10,海拔高度:1071,
17年05月10日,09时40分19秒,北纬40度48250分,东经111度4144分,地面速率是18.300000节,地面航向是339.500000度,GPS状态是：,码差分,使用卫星数量:10,海拔高度:1071,
17年05月10日,09时40分19秒,北纬40度48250分,东经111度4144分,地面速率是18.300000节,地面航向是339.500000度,GPS状态是：,码差分,使用卫星数量:10,海拔高度:1071,
17年05月10日,09时40分20秒,北纬40度48255分,东经111度4144分,地面速率是16.400000节,地面航向是340.600000度,GPS状态是：,码差分,使用卫星数量:10,海拔高度:1071,
17年05月10日,09时40分22秒,北纬40度48262分,东经111度4144分,地面速率是13.200000节,地面航向是340.400000度,GPS状态是：,码差分,使用卫星数量:10,海拔高度:1071,
17年05月10日,09时40分22秒,北纬40度48262分,东经111度4144分,地面速率是13.200000节,地面航向是340.400000度,GPS状态是：,码差分,使用卫星数量:10,海拔高度:1071,
17年05月10日,09时40分23秒,北纬40度48265分,东经111度4143分,地面速率是11.100000节,地面航向是339.800000度,GPS状态是：,码差分,使用卫星数量:10,海拔高度:1071,
17年05月10日,09时40分24秒,北纬40度48268分,东经111度4143分,地面速率是9.000000节,地面航向是339.600000度,GPS状态是：,码差分,使用卫星数量:10,海拔高度:1071,
17年05月10日,09时40分25秒,北纬40度48270分,东经111度4143分,地面速率是5.600000节,地面航向是340.300000度,GPS状态是：,码差分,使用卫星数量:10,海拔高度:1071,
17年05月10日,09时40分26秒,北纬40度48272分,东经111度4143分,地面速率是2.900000节,地面航向是340.600000度,GPS状态是：,码差分,使用卫星数量:10,海拔高度:1070,
17年05月10日,09时40分28秒,北纬40度48273分,东经111度4143分,地面速率是0.100000节,地面航向是340.900000度,GPS状态是：,码差分,使用卫星数量:10,海拔高度:1070,
17年05月10日,09时40分29秒,北纬40度48273分,东经111度4143分,地面速率是0.100000节,地面航向是340.900000度,GPS状态是：,码差分,使用卫星数量:10,海拔高度:1070,
17年05月10日,09时40分29秒,北纬40度48273分,东经111度4143分,地面速率是0.100000节,地面航向是340.900000度,GPS状态是：,码差分,使用卫星数量:10,海拔高度:1070,
17年05月10日,09时40分30秒,北纬40度48273分,东经111度4143分,地面速率是0.000000节,地面航向是340.900000度,GPS状态是：,码差分,使用卫星数量:10,海拔高度:1070,
17年05月10日,09时40分31秒,北纬40度48273分,东经111度4143分,地面速率是0.000000节,地面航向是340.900000度,GPS状态是：,码差分,使用卫星数量:10,海拔高度:1070,
17年05月10日,09时40分32秒,北纬40度48273分,东经111度4143分,地面速率是0.000000节,地面航向是340.900000度,GPS状态是：,码差分,使用卫星数量:10,海拔高度:1070,
17年05月10日,09时40分34秒,北纬40度48273分,东经111度4143分,地面速率是0.000000节,地面航向是340.900000度,GPS状态是：,码差分,使用卫星数量:10,海拔高度:1070,
17年05月10日,09时40分34秒,北纬40度48273分,东经111度4143分,地面速率是0.000000节,地面航向是340.900000度,GPS状态是：,码差分,使用卫星数量:10,海拔高度:1070,
17年05月10日,09时40分35秒,北纬40度48273分,东经111度4143分,地面速率是0.000000节,地面航向是340.900000度,GPS状态是：,码差分,使用卫星数量:10,海拔高度:1070,
17年05月10日,09时40分36秒,北纬40度48273分,东经111度4143分,地面速率是0.000000节,地面航向是340.900000度,GPS状态是：,码差分,使用卫星数量:10,海拔高度:1070,
17年05月10日,09时40分37秒,北纬40度48273分,东经111度4143分,地面速率是0.000000节,地面航向是340.900000度,GPS状态是：,码差分,使用卫星数量:10,海拔高度:1070,
17年05月10日,09时40分38秒,北纬40度48273分,东经111度4143分,地面速率是0.000000节,地面航向是340.900000度,GPS状态是：,码差分,使用卫星数量:10,海拔高度:1070,
17年05月10日,09时40分39秒,北纬40度48273分,东经111度4143分,地面速率是0.000000节,地面航向是340.900000度,GPS状态是：,码差分,使用卫星数量:10,海拔高度:1070,
17年05月10日,09时40分40秒,北纬40度48273分,东经111度4143分,地面速率是0.000000节,地面航向是340.900000度,GPS状态是：,码差分,使用卫星数量:10,海拔高度:1070,
17年05月10日,09时40分41秒,北纬40度48273分,东经111度4143分,地面速率是2.600000节,地面航向是340.900000度,GPS状态是：,码差分,使用卫星数量:10,海拔高度:1070,
17年05月10日,09时40分42秒,北纬40度48273分,东经111度4143分,地面速率是3.800000节,地面航向是239.100000度,GPS状态是：,码差分,使用卫星数量:10,海拔高度:1070,
17年05月10日,09时40分43秒,北纬40度48272分,东经111度4143分,地面速率是4.600000节,地面航向是203.600000度,GPS状态是：,码差分,使用卫星数量:10,海拔高度:1069,
17年05月10日,09时40分44秒,北纬40度48270分,东经111度4143分,地面速率是5.500000节,地面航向是178.300000度,GPS状态是：,码差分,使用卫星数量:10,海拔高度:1069,
17年05月10日,09时40分45秒,北纬40度48268分,东经111度4143分,地面速率是8.500000节,地面航向是156.600000度,GPS状态是：,码差分,使用卫星数量:10,海拔高度:1068,
17年05月10日,09时40分46秒,北纬40度48266分,东经111度4143分,地面速率是9.600000节,地面航向是153.100000度,GPS状态是：,码差分,使用卫星数量:10,海拔高度:1068,
17年05月10日,09时40分47秒,北纬40度48263分,东经111度4143分,地面速率是10.500000节,地面航向是155.300000度,GPS状态是：,码差分,使用卫星数量:10,海拔高度:1067,
17年05月10日,09时40分48秒,北纬40度48260分,东经111度4143分,地面速率是11.400000节,地面航向是156.600000度,GPS状态是：,码差分,使用卫星数量:10,海拔高度:1066,
17年05月10日,09时40分49秒,北纬40度48257分,东经111度4144分,地面速率是12.100000节,地面航向是158.300000度,GPS状态是：,码差分,使用卫星数量:10,海拔高度:1065,
17年05月10日,09时40分50秒,北纬40度48254分,东经111度4144分,地面速率是13.000000节,地面航向是160.000000度,GPS状态是：,码差分,使用卫星数量:09,海拔高度:1065,
17年05月10日,09时40分51秒,北纬40度48250分,东经111度4144分,地面速率是13.400000节,地面航向是160.300000度,GPS状态是：,码差分,使用卫星数量:09,海拔高度:1064,
17年05月10日,09时40分52秒,北纬40度48247分,东经111度4144分,地面速率是13.700000节,地面航向是161.500000度,GPS状态是：,码差分,使用卫星数量:09,海拔高度:1064,
17年05月10日,09时40分53秒,北纬40度48243分,东经111度4144分,地面速率是14.000000节,地面航向是162.600000度,GPS状态是：,码差分,使用卫星数量:10,海拔高度:1063,
17年05月10日,09时40分54秒,北纬40度48240分,东经111度4144分,地面速率是14.200000节,地面航向是163.200000度,GPS状态是：,码差分,使用卫星数量:09,海拔高度:1062,
17年05月10日,09时40分55秒,北纬40度48236分,东经111度4145分,地面速率是14.200000节,地面航向是163.400000度,GPS状态是：,码差分,使用卫星数量:09,海拔高度:1062,
17年05月10日,09时40分56秒,北纬40度48232分,东经111度4145分,地面速率是13.400000节,地面航向是163.600000度,GPS状态是：,码差分,使用卫星数量:09,海拔高度:1061,
17年05月10日,09时40分57秒,北纬40度48229分,东经111度4145分,地面速率是12.400000节,地面航向是164.200000度,GPS状态是：,码差分,使用卫星数量:10,海拔高度:1060,
17年05月10日,09时40分58秒,北纬40度48226分,东经111度4145分,地面速率是11.300000节,地面航向是164.500000度,GPS状态是：,码差分,使用卫星数量:10,海拔高度:1060,
17年05月10日,09时40分59秒,北纬40度48223分,东经111度4145分,地面速率是8.800000节,地面航向是165.100000度,GPS状态是：,码差分,使用卫星数量:10,海拔高度:1059,
17年05月10日,09时41分00秒,北纬40度48220分,东经111度4145分,地面速率是6.400000节,地面航向是166.800000度,GPS状态是：,码差分,使用卫星数量:10,海拔高度:1058,
17年05月10日,09时41分01秒,北纬40度48219分,东经111度4145分,地面速率是4.500000节,地面航向是175.700000度,GPS状态是：,码差分,使用卫星数量:10,海拔高度:1058,
17年05月10日,09时41分02秒,北纬40度48218分,东经111度4145分,地面速率是3.600000节,地面航向是186.300000度,GPS状态是：,码差分,使用卫星数量:10,海拔高度:1058,
17年05月10日,09时41分03秒,北纬40度48217分,东经111度4145分,地面速率是3.100000节,地面航向是201.900000度,GPS状态是：,码差分,使用卫星数量:10,海拔高度:1057,
17年05月10日,09时41分04秒,北纬40度48216分,东经111度4145分,地面速率是3.400000节,地面航向是220.200000度,GPS状态是：,码差分,使用卫星数量:10,海拔高度:1057,
17年05月10日,09时41分05秒,北纬40度48215分,东经111度4145分,地面速率是3.000000节,地面航向是219.900000度,GPS状态是：,码差分,使用卫星数量:10,海拔高度:1056,
17年05月10日,09时41分06秒,北纬40度48214分,东经111度4145分,地面速率是3.500000节,地面航向是221.400000度,GPS状态是：,码差分,使用卫星数量:10,海拔高度:1056,
17年05月10日,09时41分07秒,北纬40度48214分,东经111度4145分,地面速率是4.100000节,地面航向是224.200000度,GPS状态是：,码差分,使用卫星数量:10,海拔高度:1055,
17年05月10日,09时41分08秒,北纬40度48213分,东经111度4144分,地面速率是4.400000节,地面航向是226.400000度,GPS状态是：,码差分,使用卫星数量:10,海拔高度:1055,
17年05月10日,09时41分09秒,北纬40度48213分,东经111度4144分,地面速率是4.600000节,地面航向是228.900000度,GPS状态是：,码差分,使用卫星数量:10,海拔高度:1055,
17年05月10日,09时41分10秒,北纬40度48212分,东经111度4144分,地面速率是4.300000节,地面航向是256.400000度,GPS状态是：,码差分,使用卫星数量:10,海拔高度:1054,
17年05月10日,09时41分11秒,北纬40度48212分,东经111度4144分,地面速率是4.200000节,地面航向是255.000000度,GPS状态是：,码差分,使用卫星数量:10,海拔高度:1054,
17年05月10日,09时41分12秒,北纬40度48211分,东经111度4144分,地面速率是3.000000节,地面航向是254.400000度,GPS状态是：,码差分,使用卫星数量:10,海拔高度:1054,
17年05月10日,09时41分13秒,北纬40度48211分,东经111度4144分,地面速率是0.100000节,地面航向是254.400000度,GPS状态是：,码差分,使用卫星数量:10,海拔高度:1053,
17年05月10日,09时41分15秒,北纬40度48211分,东经111度4144分,地面速率是0.000000节,地面航向是254.400000度,GPS状态是：,码差分,使用卫星数量:10,海拔高度:1054,
17年05月10日,09时41分15秒,北纬40度48211分,东经111度4144分,地面速率是0.000000节,地面航向是254.400000度,GPS状态是：,码差分,使用卫星数量:10,海拔高度:1054,
17年05月10日,09时41分16秒,北纬40度48211分,东经111度4144分,地面速率是0.000000节,地面航向是254.300000度,GPS状态是：,码差分,使用卫星数量:10,海拔高度:1054,
17年05月10日,09时41分17秒,北纬40度48211分,东经111度4144分,地面速率是0.000000节,地面航向是254.400000度,GPS状态是：,码差分,使用卫星数量:10,海拔高度:1054,
17年05月10日,09时41分18秒,北纬40度48211分,东经111度4144分,地面速率是0.000000节,地面航向是254.400000度,GPS状态是：,码差分,使用卫星数量:10,海拔高度:1054,
17年05月10日,09时41分19秒,北纬40度48211分,东经111度4144分,地面速率是0.100000节,地面航向是254.400000度,GPS状态是：,码差分,使用卫星数量:10,海拔高度:1054,
17年05月10日,09时41分20秒,北纬40度48210分,东经111度4144分,地面速率是0.300000节,地面航向是254.400000度,GPS状态是：,码差分,使用卫星数量:10,海拔高度:1054,
17年05月10日,09时41分21秒,北纬40度48211分,东经111度4143分,地面速率是8.000000节,地面航向是281.900000度,GPS状态是：,码差分,使用卫星数量:10,海拔高度:1054,
17年05月10日,09时41分23秒,北纬40度48212分,东经111度4143分,地面速率是10.600000节,地面航向是281.800000度,GPS状态是：,码差分,使用卫星数量:10,海拔高度:1053,
17年05月10日,09时41分24秒,北纬40度48212分,东经111度4142分,地面速率是10.300000节,地面航向是271.100000度,GPS状态是：,码差分,使用卫星数量:09,海拔高度:1053,
17年05月10日,09时41分24秒,北纬40度48212分,东经111度4142分,地面速率是10.300000节,地面航向是271.100000度,GPS状态是：,码差分,使用卫星数量:10,海拔高度:1053,
17年05月10日,09时41分25秒,北纬40度48212分,东经111度4142分,地面速率是10.300000节,地面航向是256.000000度,GPS状态是：,码差分,使用卫星数量:10,海拔高度:1053,
17年05月10日,09时41分26秒,北纬40度48211分,东经111度4141分,地面速率是9.700000节,地面航向是243.600000度,GPS状态是：,码差分,使用卫星数量:10,海拔高度:1053,
17年05月10日,09时41分27秒,北纬40度48210分,东经111度4141分,地面速率是8.900000节,地面航向是232.400000度,GPS状态是：,码差分,使用卫星数量:10,海拔高度:1052,
17年05月10日,09时41分28秒,北纬40度48208分,东经111度4141分,地面速率是7.500000节,地面航向是222.300000度,GPS状态是：,码差分,使用卫星数量:10,海拔高度:1052,
17年05月10日,09时41分29秒,北纬40度48207分,东经111度4141分,地面速率是6.700000节,地面航向是210.500000度,GPS状态是：,码差分,使用卫星数量:10,海拔高度:1052,
17年05月10日,09时41分30秒,北纬40度48205分,东经111度4140分,地面速率是6.300000节,地面航向是196.500000度,GPS状态是：,码差分,使用卫星数量:10,海拔高度:1053,
17年05月10日,09时41分31秒,北纬40度48203分,东经111度4140分,地面速率是5.600000节,地面航向是176.700000度,GPS状态是：,码差分,使用卫星数量:10,海拔高度:1053,
17年05月10日,09时41分32秒,北纬40度48201分,东经111度4140分,地面速率是6.200000节,地面航向是170.500000度,GPS状态是：,码差分,使用卫星数量:10,海拔高度:1052,
17年05月10日,09时41分33秒,北纬40度48199分,东经111度4140分,地面速率是7.800000节,地面航向是168.300000度,GPS状态是：,码差分,使用卫星数量:10,海拔高度:1052,
17年05月10日,09时41分34秒,北纬40度48197分,东经111度4141分,地面速率是9.100000节,地面航向是168.000000度,GPS状态是：,码差分,使用卫星数量:10,海拔高度:1052,
17年05月10日,09时41分35秒,北纬40度48195分,东经111度4141分,地面速率是10.500000节,地面航向是167.200000度,GPS状态是：,码差分,使用卫星数量:10,海拔高度:1051,
17年05月10日,09时41分36秒,北纬40度48192分,东经111度4141分,地面速率是10.800000节,地面航向是164.900000度,GPS状态是：,码差分,使用卫星数量:10,海拔高度:1051,
17年05月10日,09时41分37秒,北纬40度48189分,东经111度4141分,地面速率是10.600000节,地面航向是162.100000度,GPS状态是：,码差分,使用卫星数量:10,海拔高度:1051,
17年05月10日,09时41分38秒,北纬40度48186分,东经111度4141分,地面速率是10.500000节,地面航向是163.200000度,GPS状态是：,码差分,使用卫星数量:10,海拔高度:1051,
17年05月10日,09时41分40秒,北纬40度48180分,东经111度4141分,地面速率是11.800000节,地面航向是161.800000度,GPS状态是：,码差分,使用卫星数量:10,海拔高度:1051,
17年05月10日,09时41分40秒,北纬40度48180分,东经111度4141分,地面速率是11.800000节,地面航向是161.800000度,GPS状态是：,码差分,使用卫星数量:10,海拔高度:1050,
17年05月10日,09时41分41秒,北纬40度48177分,东经111度4141分,地面速率是12.000000节,地面航向是160.100000度,GPS状态是：,码差分,使用卫星数量:10,海拔高度:1050,
17年05月10日,09时41分42秒,北纬40度48173分,东经111度4142分,地面速率是12.600000节,地面航向是158.800000度,GPS状态是：,码差分,使用卫星数量:10,海拔高度:1049,
17年05月10日,09时41分44秒,北纬40度48166分,东经111度4142分,地面速率是13.100000节,地面航向是158.500000度,GPS状态是：,码差分,使用卫星数量:10,海拔高度:1049,
17年05月10日,09时41分44秒,北纬40度48166分,东经111度4142分,地面速率是13.100000节,地面航向是158.500000度,GPS状态是：,码差分,使用卫星数量:10,海拔高度:1049,
17年05月10日,09时41分45秒,北纬40度48163分,东经111度4142分,地面速率是13.100000节,地面航向是158.600000度,GPS状态是：,码差分,使用卫星数量:10,海拔高度:1048,
17年05月10日,09时41分47秒,北纬40度48156分,东经111度4142分,地面速率是12.300000节,地面航向是166.900000度,GPS状态是：,码差分,使用卫星数量:10,海拔高度:1048,
17年05月10日,09时41分48秒,北纬40度48152分,东经111度4142分,地面速率是13.200000节,地面航向是163.400000度,GPS状态是：,码差分,使用卫星数量:10,海拔高度:1047,
17年05月10日,09时41分48秒,北纬40度48152分,东经111度4142分,地面速率是13.200000节,地面航向是163.400000度,GPS状态是：,码差分,使用卫星数量:10,海拔高度:1047,
17年05月10日,09时41分49秒,北纬40度48149分,东经111度4143分,地面速率是13.400000节,地面航向是162.800000度,GPS状态是：,码差分,使用卫星数量:10,海拔高度:1046,
17年05月10日,09时41分50秒,北纬40度48145分,东经111度4143分,地面速率是13.400000节,地面航向是162.100000度,GPS状态是：,码差分,使用卫星数量:10,海拔高度:1046,
17年05月10日,09时41分51秒,北纬40度48142分,东经111度4143分,地面速率是14.200000节,地面航向是160.900000度,GPS状态是：,码差分,使用卫星数量:10,海拔高度:1046,
17年05月10日,09时41分52秒,北纬40度48138分,东经111度4143分,地面速率是14.500000节,地面航向是160.100000度,GPS状态是：,码差分,使用卫星数量:10,海拔高度:1046,
17年05月10日,09时41分53秒,北纬40度48134分,东经111度4143分,地面速率是13.500000节,地面航向是160.200000度,GPS状态是：,码差分,使用卫星数量:10,海拔高度:1045,
17年05月10日,09时41分54秒,北纬40度48130分,东经111度4143分,地面速率是13.000000节,地面航向是167.000000度,GPS状态是：,码差分,使用卫星数量:10,海拔高度:1045,
17年05月10日,09时41分55秒,北纬40度48126分,东经111度4144分,地面速率是12.100000节,地面航向是166.200000度,GPS状态是：,码差分,使用卫星数量:10,海拔高度:1045,
17年05月10日,09时41分56秒,北纬40度48123分,东经111度4144分,地面速率是12.400000节,地面航向是164.300000度,GPS状态是：,码差分,使用卫星数量:10,海拔高度:1045,
17年05月10日,09时41分57秒,北纬40度48120分,东经111度4144分,地面速率是12.200000节,地面航向是164.900000度,GPS状态是：,码差分,使用卫星数量:10,海拔高度:1044,
17年05月10日,09时41分58秒,北纬40度48117分,东经111度4144分,地面速率是11.400000节,地面航向是163.900000度,GPS状态是：,码差分,使用卫星数量:10,海拔高度:1044,
17年05月10日,09时41分59秒,北纬40度48114分,东经111度4144分,地面速率是11.400000节,地面航向是162.800000度,GPS状态是：,码差分,使用卫星数量:10,海拔高度:1044,
17年05月10日,09时42分00秒,北纬40度48111分,东经111度4144分,地面速率是11.400000节,地面航向是162.700000度,GPS状态是：,码差分,使用卫星数量:10,海拔高度:1043,
17年05月10日,09时42分01秒,北纬40度48108分,东经111度4144分,地面速率是11.400000节,地面航向是162.000000度,GPS状态是：,码差分,使用卫星数量:10,海拔高度:1043,
17年05月10日,09时42分02秒,北纬40度48105分,东经111度4145分,地面速率是11.800000节,地面航向是161.300000度,GPS状态是：,码差分,使用卫星数量:10,海拔高度:1043,
17年05月10日,09时42分03秒,北纬40度48102分,东经111度4145分,地面速率是11.800000节,地面航向是160.700000度,GPS状态是：,码差分,使用卫星数量:09,海拔高度:1042,
17年05月10日,09时42分04秒,北纬40度48098分,东经111度4145分,地面速率是11.300000节,地面航向是161.000000度,GPS状态是：,码差分,使用卫星数量:10,海拔高度:1042,
17年05月10日,09时42分05秒,北纬40度48096分,东经111度4145分,地面速率是10.200000节,地面航向是171.400000度,GPS状态是：,码差分,使用卫星数量:10,海拔高度:1042,
17年05月10日,09时42分06秒,北纬40度48093分,东经111度4145分,地面速率是9.400000节,地面航向是187.200000度,GPS状态是：,码差分,使用卫星数量:10,海拔高度:1042,
17年05月10日,09时42分07秒,北纬40度48091分,东经111度4145分,地面速率是9.000000节,地面航向是199.600000度,GPS状态是：,码差分,使用卫星数量:10,海拔高度:1041,
17年05月10日,09时42分08秒,北纬40度48088分,东经111度4145分,地面速率是8.600000节,地面航向是215.700000度,GPS状态是：,码差分,使用卫星数量:10,海拔高度:1041,
17年05月10日,09时42分09秒,北纬40度48087分,东经111度4144分,地面速率是7.800000节,地面航向是229.100000度,GPS状态是：,码差分,使用卫星数量:10,海拔高度:1041,
17年05月10日,09时42分10秒,北纬40度48086分,东经111度4144分,地面速率是8.900000节,地面航向是243.300000度,GPS状态是：,码差分,使用卫星数量:10,海拔高度:1041,
17年05月10日,09时42分11秒,北纬40度48085分,东经111度4144分,地面速率是9.500000节,地面航向是245.200000度,GPS状态是：,码差分,使用卫星数量:10,海拔高度:1042,
17年05月10日,09时42分13秒,北纬40度48083分,东经111度4143分,地面速率是8.200000节,地面航向是253.700000度,GPS状态是：,码差分,使用卫星数量:10,海拔高度:1042,
17年05月10日,09时42分14秒,北纬40度48082分,东经111度4143分,地面速率是8.100000节,地面航向是252.700000度,GPS状态是：,码差分,使用卫星数量:10,海拔高度:1042,
17年05月10日,09时42分14秒,北纬40度48082分,东经111度4143分,地面速率是8.100000节,地面航向是252.700000度,GPS状态是：,码差分,使用卫星数量:10,海拔高度:1041,
17年05月10日,09时42分15秒,北纬40度48081分,东经111度4143分,地面速率是7.700000节,地面航向是252.000000度,GPS状态是：,码差分,使用卫星数量:10,海拔高度:1041,
17年05月10日,09时42分16秒,北纬40度48081分,东经111度4142分,地面速率是7.600000节,地面航向是248.900000度,GPS状态是：,码差分,使用卫星数量:10,海拔高度:1041,
17年05月10日,09时42分18秒,北纬40度48079分,东经111度4142分,地面速率是7.200000节,地面航向是250.000000度,GPS状态是：,码差分,使用卫星数量:10,海拔高度:1041,
17年05月10日,09时42分18秒,北纬40度48079分,东经111度4142分,地面速率是7.200000节,地面航向是250.000000度,GPS状态是：,码差分,使用卫星数量:10,海拔高度:1041,
17年05月10日,09时42分20秒,北纬40度48078分,东经111度4141分,地面速率是5.900000节,地面航向是251.700000度,GPS状态是：,码差分,使用卫星数量:10,海拔高度:1041,
17年05月10日,09时42分20秒,北纬40度48078分,东经111度4141分,地面速率是5.900000节,地面航向是251.700000度,GPS状态是：,码差分,使用卫星数量:10,海拔高度:1042,
17年05月10日,09时42分21秒,北纬40度48077分,东经111度4141分,地面速率是3.900000节,地面航向是251.900000度,GPS状态是：,码差分,使用卫星数量:10,海拔高度:1042,
17年05月10日,09时42分23秒,北纬40度48076分,东经111度4141分,地面速率是4.000000节,地面航向是258.600000度,GPS状态是：,码差分,使用卫星数量:10,海拔高度:1042,
17年05月10日,09时42分23秒,北纬40度48076分,东经111度4141分,地面速率是4.000000节,地面航向是258.600000度,GPS状态是：,码差分,使用卫星数量:10,海拔高度:1042,
17年05月10日,09时42分24秒,北纬40度48076分,东经111度4141分,地面速率是3.700000节,地面航向是256.900000度,GPS状态是：,码差分,使用卫星数量:10,海拔高度:1042,
17年05月10日,09时42分26秒,北纬40度48075分,东经111度4141分,地面速率是3.100000节,地面航向是253.500000度,GPS状态是：,码差分,使用卫星数量:10,海拔高度:1042,
17年05月10日,09时42分26秒,北纬40度48075分,东经111度4141分,地面速率是3.100000节,地面航向是253.500000度,GPS状态是：,码差分,使用卫星数量:10,海拔高度:1043,
17年05月10日,09时42分28秒,北纬40度48075分,东经111度4140分,地面速率是3.900000节,地面航向是249.800000度,GPS状态是：,码差分,使用卫星数量:10,海拔高度:1043,
17年05月10日,09时42分28秒,北纬40度48075分,东经111度4140分,地面速率是3.900000节,地面航向是249.800000度,GPS状态是：,码差分,使用卫星数量:10,海拔高度:1044,
17年05月10日,09时42分30秒,北纬40度48074分,东经111度4140分,地面速率是3.900000节,地面航向是250.600000度,GPS状态是：,码差分,使用卫星数量:10,海拔高度:1044,
17年05月10日,09时42分31秒,北纬40度48074分,东经111度4140分,地面速率是3.300000节,地面航向是252.000000度,GPS状态是：,码差分,使用卫星数量:10,海拔高度:1044,
17年05月10日,09时42分32秒,北纬40度48075分,东经111度4140分,地面速率是3.300000节,地面航向是255.600000度,GPS状态是：,码差分,使用卫星数量:10,海拔高度:1045,
17年05月10日,09时42分32秒,北纬40度48075分,东经111度4140分,地面速率是3.300000节,地面航向是255.600000度,GPS状态是：,码差分,使用卫星数量:10,海拔高度:1045,
17年05月10日,09时42分33秒,北纬40度48076分,东经111度4140分,地面速率是4.300000节,地面航向是260.900000度,GPS状态是：,码差分,使用卫星数量:10,海拔高度:1046,
17年05月10日,09时42分35秒,北纬40度48078分,东经111度4140分,地面速率是2.700000节,地面航向是354.600000度,GPS状态是：,码差分,使用卫星数量:10,海拔高度:1046,
17年05月10日,09时42分35秒,北纬40度48078分,东经111度4140分,地面速率是2.700000节,地面航向是354.600000度,GPS状态是：,码差分,使用卫星数量:10,海拔高度:1047,
17年05月10日,09时42分37秒,北纬40度48079分,东经111度4140分,地面速率是2.700000节,地面航向是354.600000度,GPS状态是：,码差分,使用卫星数量:10,海拔高度:1047,
17年05月10日,09时42分37秒,北纬40度48079分,东经111度4140分,地面速率是2.700000节,地面航向是354.600000度,GPS状态是：,码差分,使用卫星数量:10,海拔高度:1047,
17年05月10日,09时42分39秒,北纬40度48080分,东经111度4140分,地面速率是2.500000节,地面航向是354.600000度,GPS状态是：,码差分,使用卫星数量:10,海拔高度:1048,
17年05月10日,09时42分39秒,北纬40度48080分,东经111度4140分,地面速率是2.500000节,地面航向是354.600000度,GPS状态是：,码差分,使用卫星数量:10,海拔高度:1048,
17年05月10日,09时42分40秒,北纬40度48080分,东经111度4140分,地面速率是1.700000节,地面航向是354.600000度,GPS状态是：,码差分,使用卫星数量:10,海拔高度:1048,
17年05月10日,09时42分41秒,北纬40度48080分,东经111度4140分,地面速率是1.700000节,地面航向是354.600000度,GPS状态是：,码差分,使用卫星数量:10,海拔高度:1049,
17年05月10日,09时42分42秒,北纬40度48080分,东经111度4140分,地面速率是1.600000节,地面航向是354.600000度,GPS状态是：,码差分,使用卫星数量:10,海拔高度:1049,
17年05月10日,09时42分44秒,北纬40度48080分,东经111度4140分,地面速率是1.400000节,地面航向是354.600000度,GPS状态是：,码差分,使用卫星数量:10,海拔高度:1049,
17年05月10日,09时42分44秒,北纬40度48080分,东经111度4140分,地面速率是1.400000节,地面航向是354.600000度,GPS状态是：,码差分,使用卫星数量:10,海拔高度:1049,
17年05月10日,09时42分45秒,北纬40度48081分,东经111度4140分,地面速率是1.500000节,地面航向是354.600000度,GPS状态是：,码差分,使用卫星数量:10,海拔高度:1049,
17年05月10日,09时42分47秒,北纬40度48081分,东经111度4140分,地面速率是1.200000节,地面航向是354.600000度,GPS状态是：,码差分,使用卫星数量:10,海拔高度:1049,
17年05月10日,09时42分47秒,北纬40度48081分,东经111度4140分,地面速率是1.200000节,地面航向是354.600000度,GPS状态是：,码差分,使用卫星数量:10,海拔高度:1049,
17年05月10日,09时42分49秒,北纬40度48081分,东经111度4140分,地面速率是0.400000节,地面航向是354.600000度,GPS状态是：,码差分,使用卫星数量:10,海拔高度:1050,
17年05月10日,09时42分50秒,北纬40度48081分,东经111度4140分,地面速率是0.000000节,地面航向是354.600000度,GPS状态是：,码差分,使用卫星数量:10,海拔高度:1050,
17年05月10日,09时42分50秒,北纬40度48081分,东经111度4140分,地面速率是0.000000节,地面航向是354.600000度,GPS状态是：,码差分,使用卫星数量:10,海拔高度:1050,
17年05月10日,09时42分52秒,北纬40度48081分,东经111度4140分,地面速率是0.000000节,地面航向是354.600000度,GPS状态是：,码差分,使用卫星数量:10,海拔高度:1050,
17年05月10日,09时42分53秒,北纬40度48081分,东经111度4140分,地面速率是0.000000节,地面航向是354.600000度,GPS状态是：,码差分,使用卫星数量:10,海拔高度:1050,
17年05月10日,09时42分53秒,北纬40度48081分,东经111度4140分,地面速率是0.000000节,地面航向是354.600000度,GPS状态是：,码差分,使用卫星数量:10,海拔高度:1050,
17年05月10日,09时42分55秒,北纬40度48081分,东经111度4140分,地面速率是0.000000节,地面航向是354.600000度,GPS状态是：,码差分,使用卫星数量:10,海拔高度:1050,
17年05月10日,09时42分56秒,北纬40度48081分,东经111度4140分,地面速率是0.000000节,地面航向是354.600000度,GPS状态是：,码差分,使用卫星数量:10,海拔高度:1050,
17年05月10日,09时42分56秒,北纬40度48081分,东经111度4140分,地面速率是0.000000节,地面航向是354.600000度,GPS状态是：,码差分,使用卫星数量:10,海拔高度:1050,
17年05月10日,09时42分58秒,北纬40度48081分,东经111度4140分,地面速率是0.000000节,地面航向是354.600000度,GPS状态是：,码差分,使用卫星数量:10,海拔高度:1050,
17年05月10日,09时42分58秒,北纬40度48081分,东经111度4140分,地面速率是0.000000节,地面航向是354.600000度,GPS状态是：,码差分,使用卫星数量:10,海拔高度:1050,
17年05月10日,09时43分00秒,北纬40度48081分,东经111度4140分,地面速率是0.000000节,地面航向是354.600000度,GPS状态是：,码差分,使用卫星数量:09,海拔高度:1050,
17年05月10日,09时43分00秒,北纬40度48081分,东经111度4140分,地面速率是0.000000节,地面航向是354.600000度,GPS状态是：,码差分,使用卫星数量:09,海拔高度:1050,
17年05月10日,09时43分02秒,北纬40度48081分,东经111度4140分,地面速率是0.000000节,地面航向是354.600000度,GPS状态是：,码差分,使用卫星数量:09,海拔高度:1050,
17年05月10日,09时43分03秒,北纬40度48081分,东经111度4140分,地面速率是0.000000节,地面航向是354.600000度,GPS状态是：,码差分,使用卫星数量:09,海拔高度:1050,
17年05月10日,09时43分03秒,北纬40度48081分,东经111度4140分,地面速率是0.000000节,地面航向是354.600000度,GPS状态是：,码差分,使用卫星数量:09,海拔高度:1050,
17年05月10日,09时43分05秒,北纬40度48081分,东经111度4140分,地面速率是0.000000节,地面航向是354.600000度,GPS状态是：,码差分,使用卫星数量:09,海拔高度:1050,
17年05月10日,09时43分05秒,北纬40度48081分,东经111度4140分,地面速率是0.000000节,地面航向是354.600000度,GPS状态是：,码差分,使用卫星数量:09,海拔高度:1050,
17年05月10日,09时43分06秒,北纬40度48081分,东经111度4140分,地面速率是0.000000节,地面航向是354.600000度,GPS状态是：,码差分,使用卫星数量:09,海拔高度:1050,
17年05月10日,09时43分07秒,北纬40度48081分,东经111度4140分,地面速率是0.000000节,地面航向是354.600000度,GPS状态是：,码差分,使用卫星数量:09,海拔高度:1050,
17年05月10日,09时43分09秒,北纬40度48081分,东经111度4140分,地面速率是0.000000节,地面航向是354.600000度,GPS状态是：,码差分,使用卫星数量:09,海拔高度:1050,
17年05月10日,09时43分10秒,北纬40度48081分,东经111度4140分,地面速率是0.000000节,地面航向是354.600000度,GPS状态是：,码差分,使用卫星数量:09,海拔高度:1050,
17年05月10日,09时43分10秒,北纬40度48081分,东经111度4140分,地面速率是0.000000节,地面航向是354.600000度,GPS状态是：,码差分,使用卫星数量:09,海拔高度:1050,
